Display Value,Language,Value Code,Domain,Parent Value,Description
CHEM,en,CHEM,Chart Of Account,,
HLTH,en,HLTH,Chart Of Account,,
LIFE,en,LIFE,Chart Of Account,,
MANU,en,MANU,Chart Of Account,,
P&C,en,P&C,Chart Of Account,,
CHEMICAL MANUFACTURER,en,CHEM,Company Code,,CHEMICAL MANUFACTURER
CLEAR SOFTWARE,en,CLSW,Company Code,,CLEAR SOFTWARE
Health Insurance,en,HLTH,Company Code,,Health Insurance
Life Insurance,en,LIFE,Company Code,,Life Insurance
Manufacturing Company 1,en,MAN1,Company Code,,Manufacturing Company 1
Manufacturing Company 2,en,MAN2,Company Code,,Manufacturing Company 2
Manufacturing Company 3,en,MAN3,Company Code,,Manufacturing Company 3
Manufacturing Company 4,en,MAN4,Company Code,,Manufacturing Company 4
Manufacturing Company 5,en,MAN5,Company Code,,Manufacturing Company 5
Manufacturing Company 6,en,MAN6,Company Code,,Manufacturing Company 6
Manufacturing Company 7,en,MAN7,Company Code,,Manufacturing Company 7
Manufacturing Company 8,en,MAN8,Company Code,,Manufacturing Company 8
Manufacturing Company 9,en,MAN9,Company Code,,Manufacturing Company 9
Manufacturing Parent,en,MANU,Company Code,,Manufacturing Parent
Property and Casualty Ins,en,P&C,Company Code,,Property and Casualty Ins
Afghanistan,en,AF,Country,,Afghanistan
Albania,en,AL,Country,,Albania
Algeria,en,DZ,Country,,Algeria
Amer.Virgin Is.,en,VI,Country,,Amer.Virgin Is.
Andorran,en,AD,Country,,Andorran
Angola,en,AO,Country,,Angola
Anguilla,en,AI,Country,,Anguilla
Antarctica,en,AQ,Country,,Antarctica
Antigua/Barbuda,en,AG,Country,,Antigua/Barbuda
Argentina,en,AR,Country,,Argentina
Armenia,en,AM,Country,,Armenia
Aruba,en,AW,Country,,Aruba
Australia,en,AU,Country,,Australia
Austria,en,AT,Country,,Austria
Azerbaijan,en,AZ,Country,,Azerbaijan
Bahamas,en,BS,Country,,Bahamas
Bahrain,en,BH,Country,,Bahrain
Bangladesh,en,BD,Country,,Bangladesh
Barbados,en,BB,Country,,Barbados
Belarus,en,BY,Country,,Belarus
Belgium,en,BE,Country,,Belgium
Belize,en,BZ,Country,,Belize
Benin,en,BJ,Country,,Benin
Bermuda,en,BM,Country,,Bermuda
Bhutan,en,BT,Country,,Bhutan
Blue,en,BL,Country,,Blue
Bolivia,en,BO,Country,,Bolivia
Bosnia-Herz.,en,BA,Country,,Bosnia-Herz.
Botswana,en,BW,Country,,Botswana
Bouvet Islands,en,BV,Country,,Bouvet Islands
Brazil,en,BR,Country,,Brazil
Brit.Ind.Oc.Ter,en,IO,Country,,Brit.Ind.Oc.Ter
Brit.Virgin Is.,en,VG,Country,,Brit.Virgin Is.
Brunei Daruss.,en,BN,Country,,Brunei Daruss.
Bulgaria,en,BG,Country,,Bulgaria
Burkina Faso,en,BF,Country,,Burkina Faso
Burma,en,MM,Country,,Burma
Burundi,en,BI,Country,,Burundi
Cambodia,en,KH,Country,,Cambodia
Cameroon,en,CM,Country,,Cameroon
Canada,en,CA,Country,,Canada
Cape Verde,en,CV,Country,,Cape Verde
CAR,en,CF,Country,,CAR
Cayman Islands,en,KY,Country,,Cayman Islands
Chad,en,TD,Country,,Chad
Chile,en,CL,Country,,Chile
China,en,CN,Country,,China
Christmas Islnd,en,CX,Country,,Christmas Islnd
Coconut Islands,en,CC,Country,,Coconut Islands
Colombia,en,CO,Country,,Colombia
Comoros,en,KM,Country,,Comoros
Cook Islands,en,CK,Country,,Cook Islands
Costa Rica,en,CR,Country,,Costa Rica
Cote d'Ivoire,en,CI,Country,,Cote d'Ivoire
Croatia,en,HR,Country,,Croatia
Cuba,en,CU,Country,,Cuba
Cyprus,en,CY,Country,,Cyprus
Czech Republic,en,CZ,Country,,Czech Republic
Dem. Rep. Congo,en,CD,Country,,Dem. Rep. Congo
Denmark,en,DK,Country,,Denmark
Djibouti,en,DJ,Country,,Djibouti
Dominica,en,DM,Country,,Dominica
Dominican Rep.,en,DO,Country,,Dominican Rep.
Dutch Antilles,en,AN,Country,,Dutch Antilles
East Timor,en,TL,Country,,East Timor
East Timor,en,TP,Country,,East Timor
Ecuador,en,EC,Country,,Ecuador
Egypt,en,EG,Country,,Egypt
El Salvador,en,SV,Country,,El Salvador
Equatorial Guin,en,GQ,Country,,Equatorial Guin
Eritrea,en,ER,Country,,Eritrea
Estonia,en,EE,Country,,Estonia
Ethiopia,en,ET,Country,,Ethiopia
European Union,en,EU,Country,,European Union
Falkland Islnds,en,FK,Country,,Falkland Islnds
Faroe Islands,en,FO,Country,,Faroe Islands
Fiji,en,FJ,Country,,Fiji
Finland,en,FI,Country,,Finland
France,en,FR,Country,,France
Frenc.Polynesia,en,PF,Country,,Frenc.Polynesia
French Guayana,en,GF,Country,,French Guayana
French S.Territ,en,TF,Country,,French S.Territ
Gabon,en,GA,Country,,Gabon
Gambia,en,GM,Country,,Gambia
Georgia,en,GE,Country,,Georgia
Germany,en,DE,Country,,Germany
Ghana,en,GH,Country,,Ghana
Gibraltar,en,GI,Country,,Gibraltar
Greece,en,GR,Country,,Greece
Greenland,en,GL,Country,,Greenland
Grenada,en,GD,Country,,Grenada
Guadeloupe,en,GP,Country,,Guadeloupe
Guam,en,GU,Country,,Guam
Guatemala,en,GT,Country,,Guatemala
Guinea,en,GN,Country,,Guinea
Guinea-Bissau,en,GW,Country,,Guinea-Bissau
Guyana,en,GY,Country,,Guyana
Haiti,en,HT,Country,,Haiti
Heard/McDon.Isl,en,HM,Country,,Heard/McDon.Isl
Honduras,en,HN,Country,,Honduras
Hong Kong,en,HK,Country,,Hong Kong
Hungary,en,HU,Country,,Hungary
Iceland,en,IS,Country,,Iceland
India,en,IN,Country,,India
Indonesia,en,ID,Country,,Indonesia
Iran,en,IR,Country,,Iran
Iraq,en,IQ,Country,,Iraq
Ireland,en,IE,Country,,Ireland
Israel,en,IL,Country,,Israel
Italy,en,IT,Country,,Italy
Jamaica,en,JM,Country,,Jamaica
Japan,en,JP,Country,,Japan
Jordan,en,JO,Country,,Jordan
Kazakhstan,en,KZ,Country,,Kazakhstan
Kenya,en,KE,Country,,Kenya
Kiribati,en,KI,Country,,Kiribati
Kuwait,en,KW,Country,,Kuwait
Kyrgyzstan,en,KG,Country,,Kyrgyzstan
Laos,en,LA,Country,,Laos
Latvia,en,LV,Country,,Latvia
Lebanon,en,LB,Country,,Lebanon
Lesotho,en,LS,Country,,Lesotho
Liberia,en,LR,Country,,Liberia
Libya,en,LY,Country,,Libya
Liechtenstein,en,LI,Country,,Liechtenstein
Lithuania,en,LT,Country,,Lithuania
Luxembourg,en,LU,Country,,Luxembourg
Macau,en,MO,Country,,Macau
Macedonia,en,MK,Country,,Macedonia
Madagascar,en,MG,Country,,Madagascar
Malawi,en,MW,Country,,Malawi
Malaysia,en,MY,Country,,Malaysia
Maldives,en,MV,Country,,Maldives
Mali,en,ML,Country,,Mali
Malta,en,MT,Country,,Malta
Marshall Islnds,en,MH,Country,,Marshall Islnds
Martinique,en,MQ,Country,,Martinique
Mauretania,en,MR,Country,,Mauretania
Mauritius,en,MU,Country,,Mauritius
Mayotte,en,YT,Country,,Mayotte
Mexico,en,MX,Country,,Mexico
Micronesia,en,FM,Country,,Micronesia
Minor Outl.Isl.,en,UM,Country,,Minor Outl.Isl.
Moldova,en,MD,Country,,Moldova
Monaco,en,MC,Country,,Monaco
Mongolia,en,MN,Country,,Mongolia
Montserrat,en,MS,Country,,Montserrat
Morocco,en,MA,Country,,Morocco
Mozambique,en,MZ,Country,,Mozambique
N.Mariana Islnd,en,MP,Country,,N.Mariana Islnd
Namibia,en,NA,Country,,Namibia
NATO,en,NT,Country,,NATO
Nauru,en,NR,Country,,Nauru
Nepal,en,NP,Country,,Nepal
Netherlands,en,NL,Country,,Netherlands
New Caledonia,en,NC,Country,,New Caledonia
New Zealand,en,NZ,Country,,New Zealand
Nicaragua,en,NI,Country,,Nicaragua
Niger,en,NE,Country,,Niger
Nigeria,en,NG,Country,,Nigeria
Niue,en,NU,Country,,Niue
Norfolk Islands,en,NF,Country,,Norfolk Islands
North Korea,en,KP,Country,,North Korea
Norway,en,NO,Country,,Norway
Oman,en,OM,Country,,Oman
Orange,en,OR,Country,,Orange
Pakistan,en,PK,Country,,Pakistan
Palau,en,PW,Country,,Palau
Palestine,en,PS,Country,,Palestine
Panama,en,PA,Country,,Panama
Pap. New Guinea,en,PG,Country,,Pap. New Guinea
Paraguay,en,PY,Country,,Paraguay
Peru,en,PE,Country,,Peru
Philippines,en,PH,Country,,Philippines
Pitcairn Islnds,en,PN,Country,,Pitcairn Islnds
Poland,en,PL,Country,,Poland
Portugal,en,PT,Country,,Portugal
Puerto Rico,en,PR,Country,,Puerto Rico
Qatar,en,QA,Country,,Qatar
Rep.of Congo,en,CG,Country,,Rep.of Congo
Reunion,en,RE,Country,,Reunion
Romania,en,RO,Country,,Romania
Russian Fed.,en,RU,Country,,Russian Fed.
Rwanda,en,RW,Country,,Rwanda
S. Sandwich Ins,en,GS,Country,,S. Sandwich Ins
"S.Tome,Principe",en,ST,Country,,"S.Tome,Principe"
Saint Helena,en,SH,Country,,Saint Helena
Samoa,en,WS,Country,,Samoa
"Samoa, America",en,AS,Country,,"Samoa, America"
San Marino,en,SM,Country,,San Marino
Saudi Arabia,en,SA,Country,,Saudi Arabia
Senegal,en,SN,Country,,Senegal
Serbia/Monten.,en,CS,Country,,Serbia/Monten.
Seychelles,en,SC,Country,,Seychelles
Sierra Leone,en,SL,Country,,Sierra Leone
Singapore,en,SG,Country,,Singapore
Slovakia,en,SK,Country,,Slovakia
Slovenia,en,SI,Country,,Slovenia
Solomon Islands,en,SB,Country,,Solomon Islands
Somalia,en,SO,Country,,Somalia
South Africa,en,ZA,Country,,South Africa
South Korea,en,KR,Country,,South Korea
Spain,en,ES,Country,,Spain
Sri Lanka,en,LK,Country,,Sri Lanka
St Kitts&Nevis,en,KN,Country,,St Kitts&Nevis
St. Lucia,en,LC,Country,,St. Lucia
St. Vincent,en,VC,Country,,St. Vincent
"St.Pier,Miquel.",en,PM,Country,,"St.Pier,Miquel."
Sudan,en,SD,Country,,Sudan
Suriname,en,SR,Country,,Suriname
Svalbard,en,SJ,Country,,Svalbard
Swaziland,en,SZ,Country,,Swaziland
Sweden,en,SE,Country,,Sweden
Switzerland,en,CH,Country,,Switzerland
Syria,en,SY,Country,,Syria
Taiwan,en,TW,Country,,Taiwan
Tajikistan,en,TJ,Country,,Tajikistan
Tanzania,en,TZ,Country,,Tanzania
Thailand,en,TH,Country,,Thailand
Togo,en,TG,Country,,Togo
Tokelau Islands,en,TK,Country,,Tokelau Islands
Tonga,en,TO,Country,,Tonga
"Trinidad,Tobago",en,TT,Country,,"Trinidad,Tobago"
Tunisia,en,TN,Country,,Tunisia
Turkey,en,TR,Country,,Turkey
Turkmenistan,en,TM,Country,,Turkmenistan
Turksh Caicosin,en,TC,Country,,Turksh Caicosin
Tuvalu,en,TV,Country,,Tuvalu
Uganda,en,UG,Country,,Uganda
Ukraine,en,UA,Country,,Ukraine
United Kingdom,en,GB,Country,,United Kingdom
United Nations,en,UN,Country,,United Nations
United States,en,US,Country,,USA
Uruguay,en,UY,Country,,Uruguay
Utd.Arab Emir.,en,AE,Country,,Utd.Arab Emir.
Uzbekistan,en,UZ,Country,,Uzbekistan
Vanuatu,en,VU,Country,,Vanuatu
Vatican City,en,VA,Country,,Vatican City
Venezuela,en,VE,Country,,Venezuela
Vietnam,en,VN,Country,,Vietnam
"Wallis,Futuna",en,WF,Country,,"Wallis,Futuna"
West Sahara,en,EH,Country,,West Sahara
Yemen,en,YE,Country,,Yemen
Zambia,en,ZM,Country,,Zambia
Zimbabwe,en,ZW,Country,,Zimbabwe
(Internal) United States Dollar (5 Dec.),en,USDN,Currency,,(Internal) United States Dollar (5 Dec.)
Benin CFA Franc BCEAO,en,XOF,Currency,,Benin CFA Franc BCEAO
CFP Franc,en,XPF,Currency,,CFP Franc
Chinese Yuan Renminbi,en,RMB,Currency,,Chinese Yuan Renminbi
Dutch Guilder (Old --> EUR),en,NLG,Currency,,Dutch Guilder (Old --> EUR)
East Carribean Dollar,en,XCD,Currency,,East Carribean Dollar
El Salvador Colon,en,SVC,Currency,,El Salvador Colon
European Currency Unit (E.C.U.),en,XEU,Currency,,European Currency Unit (E.C.U.)
Gabon CFA Franc BEAC,en,XAF,Currency,,Gabon CFA Franc BEAC
Kazakstanian Tenge,en,KZT,Currency,,Kazakstanian Tenge
Laotian Kip,en,LAK,Currency,,Laotian Kip
Latvian Lat,en,LVL,Currency,,Latvian Lat
Lebanese Pound,en,LBP,Currency,,Lebanese Pound
Lesotho Loti,en,LSL,Currency,,Lesotho Loti
Liberian Dollar,en,LRD,Currency,,Liberian Dollar
Libyan Dinar,en,LYD,Currency,,Libyan Dinar
Lithuanian Lita,en,LTL,Currency,,Lithuanian Lita
Luxembourg Franc (Old --> EUR),en,LUF,Currency,,Luxembourg Franc (Old --> EUR)
Macao Pataca,en,MOP,Currency,,Macao Pataca
Macedonian Denar,en,MKD,Currency,,Macedonian Denar
Madagascan Ariary,en,MGA,Currency,,Madagascan Ariary
Madagascan Franc (Old,en,MGF,Currency,,Madagascan Franc (Old
Malawi Kwacha,en,MWK,Currency,,Malawi Kwacha
Malaysian Ringgit,en,MYR,Currency,,Malaysian Ringgit
Maldive Rufiyaa,en,MVR,Currency,,Maldive Rufiyaa
Maltese Lira (Old --> EUR),en,MTL,Currency,,Maltese Lira (Old --> EUR)
Mauritanian Ouguiya,en,MRO,Currency,,Mauritanian Ouguiya
Mauritian Rupee,en,MUR,Currency,,Mauritian Rupee
Mexican Pesos,en,MXN,Currency,,Mexican Pesos
Moldavian Leu,en,MDL,Currency,,Moldavian Leu
Mongolian Tugrik,en,MNT,Currency,,Mongolian Tugrik
Moroccan Dirham,en,MAD,Currency,,Moroccan Dirham
Mozambique Metical,en,MZN,Currency,,Mozambique Metical
Mozambique Metical (Old),en,MZM,Currency,,Mozambique Metical (Old)
Myanmar Kyat,en,MMK,Currency,,Myanmar Kyat
Namibian Dollar,en,NAD,Currency,,Namibian Dollar
Nepalese Rupee,en,NPR,Currency,,Nepalese Rupee
New Taiwan Dollar,en,TWD,Currency,,New Taiwan Dollar
New Yugoslavian Dinar (Old),en,YUM,Currency,,New Yugoslavian Dinar (Old)
New Zealand Dollars,en,NZD,Currency,,New Zealand Dollars
New Zealand Dollars,en,NZD5,Currency,,New Zealand Dollars
Nicaraguan Cordoba Oro,en,NIO,Currency,,Nicaraguan Cordoba Oro
Nigerian Naira,en,NGN,Currency,,Nigerian Naira
Norwegian Krone,en,NOK,Currency,,Norwegian Krone
Omani Rial,en,OMR,Currency,,Omani Rial
Pakistani Rupee,en,PKR,Currency,,Pakistani Rupee
Panamanian Balboa,en,PAB,Currency,,Panamanian Balboa
Papua New Guinea Kina,en,PGK,Currency,,Papua New Guinea Kina
Paraguayan Guarani,en,PYG,Currency,,Paraguayan Guarani
Peruvian New Sol,en,PEN,Currency,,Peruvian New Sol
Philippine Peso,en,PHP,Currency,,Philippine Peso
Polish Zloty (new),en,PLN,Currency,,Polish Zloty (new)
Portuguese Escudo (Old --> EUR),en,PTE,Currency,,Portuguese Escudo (Old --> EUR)
Qatar Rial,en,QAR,Currency,,Qatar Rial
Romanian Leu,en,RON,Currency,,Romanian Leu
Romanian Leu (Old),en,ROL,Currency,,Romanian Leu (Old)
Russian Ruble,en,RUB,Currency,,Russian Ruble
Rwandan Franc,en,RWF,Currency,,Rwandan Franc
Samoan Tala,en,WST,Currency,,Samoan Tala
Sao Tome / Principe Dobra,en,STD,Currency,,Sao Tome / Principe Dobra
Saudi Riyal,en,SAR,Currency,,Saudi Riyal
Serbian Dinar,en,RSD,Currency,,Serbian Dinar
Seychelles Rupee,en,SCR,Currency,,Seychelles Rupee
Sierra Leone Leone,en,SLL,Currency,,Sierra Leone Leone
Singapore Dollar,en,SGD,Currency,,Singapore Dollar
Slovakian Krona (Old --> EUR),en,SKK,Currency,,Slovakian Krona (Old --> EUR)
Slovenian Tolar (Old --> EUR),en,SIT,Currency,,Slovenian Tolar (Old --> EUR)
Solomon Islands Dollar,en,SBD,Currency,,Solomon Islands Dollar
Somalian Shilling,en,SOS,Currency,,Somalian Shilling
South African Rand,en,ZAR,Currency,,South African Rand
Sri Lankan Rupee,en,LKR,Currency,,Sri Lankan Rupee
St. Christopher Dollar --> XCD,en,XDS,Currency,,St. Christopher Dollar --> XCD
St.Helena Pound,en,SHP,Currency,,St.Helena Pound
Sudanese Dinar (Old),en,SDD,Currency,,Sudanese Dinar (Old)
Sudanese Pound,en,SDG,Currency,,Sudanese Pound
Sudanese Pound (until 1992),en,SDP,Currency,,Sudanese Pound (until 1992)
Surinam Dollar,en,SRD,Currency,,Surinam Dollar
Surinam Guilder (Old),en,SRG,Currency,,Surinam Guilder (Old)
Swaziland Lilangeni,en,SZL,Currency,,Swaziland Lilangeni
Swedish Krona,en,SEK,Currency,,Swedish Krona
Syrian Pound,en,SYP,Currency,,Syrian Pound
Tajikistani Ruble (Old),en,TJR,Currency,,Tajikistani Ruble (Old)
Tajikistani Somoni,en,TJS,Currency,,Tajikistani Somoni
Tanzanian Shilling,en,TZS,Currency,,Tanzanian Shilling
TEST curr,en,XXT,Currency,,TEST curr
Thailand Baht1,en,THB,Currency,,Thailand Baht1
Timor Escudo --> USD,en,TPE,Currency,,Timor Escudo --> USD
Tongan Pa'anga,en,TOP,Currency,,Tongan Pa'anga
Trinidad and Tobago Dollar,en,TTD,Currency,,Trinidad and Tobago Dollar
Tunisian Dinar,en,TND,Currency,,Tunisian Dinar
Turkish Lira,en,TRY,Currency,,Turkish Lira
Turkish Lira (Old),en,TRL,Currency,,Turkish Lira (Old)
Turkmenistani Manat,en,TMT,Currency,,Turkmenistani Manat
Turkmenistani Manat (Old),en,TMM,Currency,,Turkmenistani Manat (Old)
Ugandan Shilling,en,UGX,Currency,,Ugandan Shilling
Ukraine Hryvnia,en,UAH,Currency,,Ukraine Hryvnia
United States Dollar,en,USD,Currency,,United States Dollar
Uruguayan Peso,en,UYU,Currency,,Uruguayan Peso
Uzbekistan Som,en,UZS,Currency,,Uzbekistan Som
Vanuatu Vatu,en,VUV,Currency,,Vanuatu Vatu
Venezuelan Bolivar (Old),en,VEB,Currency,,Venezuelan Bolivar (Old)
Venezuelan Bolivar Fuerte,en,VEF,Currency,,Venezuelan Bolivar Fuerte
Vietnamese Dong,en,VND,Currency,,Vietnamese Dong
Yemeni Ryal,en,YER,Currency,,Yemeni Ryal
Zaire (Old),en,ZRN,Currency,,Zaire (Old)
Zambian Kwacha,en,ZMK,Currency,,Zambian Kwacha
Zimbabwean Dollar (New),en,ZWL,Currency,,Zimbabwean Dollar (New)
Zimbabwean Dollar (Old),en,ZWD,Currency,,Zimbabwean Dollar (Old)
Zimbabwean Dollar (Old),en,ZWN,Currency,,Zimbabwean Dollar (Old)
Zimbabwean Dollar (Old),en,ZWR,Currency,,Zimbabwean Dollar (Old)
Account Maintenance,en,KP,Document Type,,Account Maintenance
Accounting Document,en,AB,Document Type,,Accounting Document
Adjustment Document,en,SU,Document Type,,Adjustment Document
Asset Posting,en,AA,Document Type,,Asset Posting
Bank Reconciliation,en,ZR,Document Type,,Bank Reconciliation
Billing Doc.Transfer,en,RV,Document Type,,Billing Doc.Transfer
Cash Document,en,SK,Document Type,,Cash Document
Collection/Disbursm.,en,CD,Document Type,,Collection/Disbursm.
Contract Settlement,en,CH,Document Type,,Contract Settlement
Customer Credit Memo,en,DG,Document Type,,Customer Credit Memo
Customer Document,en,DA,Document Type,,Customer Document
Customer Invoice,en,DR,Document Type,,Customer Invoice
Customer Payment,en,DZ,Document Type,,Customer Payment
Data Load,en,MD,Document Type,,Data Load
Data Transfer,en,UE,Document Type,,Data Transfer
Depreciation Pstngs,en,AF,Document Type,,Depreciation Pstngs
Euro Rounding Diff.,en,EU,Document Type,,Euro Rounding Diff.
External Number,en,EX,Document Type,,External Number
FX Swap,en,M2,Document Type,,FX Swap
FX Valuation,en,M6,Document Type,,FX Valuation
G/L Account Document,en,SA,Document Type,,G/L Account Document
G/L Account Posting,en,SB,Document Type,,G/L Account Posting
Goods Issue,en,WA,Document Type,,Goods Issue
Goods Issue/Delivery,en,WL,Document Type,,Goods Issue/Delivery
Goods Receipt,en,WE,Document Type,,Goods Receipt
IFX Correction,en,M8,Document Type,,IFX Correction
Inventory Document,en,WI,Document Type,,Inventory Document
Invoice - Gross,en,RE,Document Type,,Invoice - Gross
Invoice - Net,en,RN,Document Type,,Invoice - Net
MAR & Restatement,en,M7,Document Type,,MAR & Restatement
MCA Journal,en,M1,Document Type,,MCA Journal
ML Settlement,en,ML,Document Type,,ML Settlement
Net Asset Posting,en,AN,Document Type,,Net Asset Posting
Net Goods Receipt,en,WN,Document Type,,Net Goods Receipt
Net Vendors,en,KN,Document Type,,Net Vendors
P&L Close,en,M4,Document Type,,P&L Close
P&L Lock,en,M3,Document Type,,P&L Lock
P&L Transformation,en,M5,Document Type,,P&L Transformation
Payment by Check,en,ZS,Document Type,,Payment by Check
Payment Clearing,en,ZV,Document Type,,Payment Clearing
Payment Posting,en,ZP,Document Type,,Payment Posting
Price Change,en,PR,Document Type,,Price Change
Reserve for Bad Debt,en,RB,Document Type,,Reserve for Bad Debt
Reversal,en,M9,Document Type,,Reversal
Sub.Cred.Memo Stlmt,en,RA,Document Type,,Sub.Cred.Memo Stlmt
Vendor Credit Memo,en,KG,Document Type,,Vendor Credit Memo
Vendor Document,en,KA,Document Type,,Vendor Document
Vendor Invoice,en,KR,Document Type,,Vendor Invoice
Vendor Payment,en,KZ,Document Type,,Vendor Payment
Vendors,en,VEND,Group,,
"Correct (posted, not completed)",en,4,Invoice Document Status,,"Correct (posted, not completed)"
Defined for background verification,en,1,Invoice Document Status,,Defined for background verification
Deleted,en,2,Invoice Document Status,,Deleted
Entered and held,en,D,Invoice Document Status,,Entered and held
Parked,en,A,Invoice Document Status,,Parked
Parked and completed,en,B,Invoice Document Status,,Parked and completed
Parked and held,en,C,Invoice Document Status,,Parked and held
Parked and released,en,E,Invoice Document Status,,Reset clearing document
Posted,en,5,Invoice Document Status,,Posted
Sample Document,en,M,Invoice Document Status,,Sample Document
With Errors,en,3,Invoice Document Status,,With Errors
Accrual/deferral posting,en,5,Invoice Reversal Reason,,Accrual/deferral posting
Actual reversal in closed period,en,4,Invoice Reversal Reason,,Actual reversal in closed period
Actual reversal in current period,en,3,Invoice Reversal Reason,,Actual reversal in current period
Reversal in closed period,en,2,Invoice Reversal Reason,,Reversal in closed period
Reversal in current period,en,1,Invoice Reversal Reason,,Reversal in current period
"CHICAGO, IL",en,SOFT,Location,,"CHICAGO, IL"
"DETROIT, MI",en,AUTO,Location,,"DETROIT, MI"
"INDIANAPOLIS, IN",en,AUT2,Location,,"INDIANAPOLIS, IN"
MANCHESTER dublin1,en,D004,Location,,MANCHESTER dublin1
MANCHESTER Man1,en,D001,Location,,MANCHESTER Man1
MANCHESTER NH,en,0001,Location,,MANCHESTER NH
MANCHESTER1 NH,en,9888,Location,,MANCHESTER1 NH
MANCHESTER116H,en,D003,Location,,MANCHESTER116H
MANCHESTER22NH,en,D002,Location,,MANCHESTER22NH
Neuaralink,en,WARE,Location,,Neuaralink
"SAN DIEGO, CA",en,0002,Location,,"SAN DIEGO, CA"
ZIONSVILLE CHEMICAL PLANT,en,CHEM,Location,,ZIONSVILLE CHEMICAL PLANT
"ZIONSVILLE, IN (HQ)",en,0003,Location,,"ZIONSVILLE, IN (HQ)"
Additionals,en,VKHM,Material Type,,Additionals
Apparel (seasonal),en,MODE,Material Type,,Apparel (seasonal)
Beverages,en,FGTR,Material Type,,Beverages
CH Contract Handling,en,CH00,Material Type,,CH Contract Handling
Compatible Unit,en,CBAU,Material Type,,Compatible Unit
Competitor products,en,WETT,Material Type,,Competitor products
Configurable materials,en,KMAT,Material Type,,Configurable materials
Coupons,en,COUP,Material Type,,Coupons
Empties,en,LEER,Material Type,,Empties
Empties (retail),en,LGUT,Material Type,,Empties (retail)
Equipment Package,en,EPA,Material Type,,Equipment Package
Finished Product,en,FERT,Material Type,,Finished Product
Foods (excl. perishables),en,FOOD,Material Type,,Foods (excl. perishables)
Full products,en,VOLL,Material Type,,Full products
Intra materials,en,INTR,Material Type,,Intra materials
Kanban Container,en,CONT,Material Type,,Kanban Container
Maintenance assemblies,en,IBAU,Material Type,,Maintenance assemblies
Manufacturer Part,en,HERS,Material Type,,Manufacturer Part
Material Planning Object,en,MPO,Material Type,,Material Planning Object
Nonfoods,en,NOF1,Material Type,,Nonfoods
Non-stock materials,en,NLAG,Material Type,,Non-stock materials
Nonvaluated materials,en,UNBW,Material Type,,Nonvaluated materials
Operating supplies,en,HIBE,Material Type,,Operating supplies
Packaging,en,VERP,Material Type,,Packaging
Perishables,en,FRIP,Material Type,,Perishables
Pipeline materials,en,PIPE,Material Type,,Pipeline materials
Process materials,en,PROC,Material Type,,Process materials
Product catalogs,en,WERB,Material Type,,Product catalogs
Product groups,en,PROD,Material Type,,Product groups
Production Resource/Tool,en,FHMI,Material Type,,Production Resource/Tool
Raw materials,en,ROH,Material Type,,Raw materials
Returnable packaging,en,LEIH,Material Type,,Returnable packaging
Semifinished Product,en,HALB,Material Type,,Semifinished Product
Service,en,DIEN,Material Type,,Service
Spare Parts,en,ERSA,Material Type,,Spare Parts
Trading Goods,en,HAWA,Material Type,,Trading Goods
Trading goods (planned),en,PLAN,Material Type,,Trading goods (planned)
Value-only materials,en,WERT,Material Type,,Value-only materials
Waste,en,ABF,Material Type,,Waste
Bank transfer (ACH CCD),en,D,Payment Methods,,Bank transfer (ACH CCD)
Bank transfer (ACH CTX),en,T,Payment Methods,,Bank transfer (ACH CTX)
Bank transfer (ACH PPD),en,P,Payment Methods,,Bank transfer (ACH PPD)
Check,en,C,Payment Methods,,Check
Check,en,Q,Payment Methods,,Check
Blocked,en,Blocked,Payment Status,,
Paid,en,Paid,Payment Status,,
To Be Paid,en,To Be Paid,Payment Status,,
"14 days 2%, 30 net",en,2,Payment Terms,,"14 days 2%, 30 net"
"14 days 2%, 30/1,5%, 45 net",en,8,Payment Terms,,"14 days 2%, 30/1,5%, 45 net"
"14 days 3%, 20/2%, 30 net",en,3,Payment Terms,,"14 days 3%, 20/2%, 30 net"
"15th/31st subs. month 2%, ...",en,7,Payment Terms,,"15th/31st subs. month 2%, ..."
as of end of month,en,4,Payment Terms,,as of end of month
"End of month 4%, Mid-month 2%",en,6,Payment Terms,,"End of month 4%, Mid-month 2%"
from the 10th of subs. month,en,5,Payment Terms,,from the 10th of subs. month
Pay immediately w/o deduction,en,1,Payment Terms,,Pay immediately w/o deduction
Payable in 3 installments,en,9,Payment Terms,,Payable in 3 installments
Credit,en,H,Payment Type,,
Debit,en,S,Payment Type,,
Base Price,en,PB00,Pricing Condition,,Base Price
Federal Excise Tax,en,ZFET,Pricing Condition,,Federal Excise Tax
Freight Item Accrued,en,ZFRI,Pricing Condition,,Freight Item Accrued
"Tariff, Duty, Tax",en,ZIMP,Pricing Condition,,"Tariff, Duty, Tax"
NB,en,NB,Purchase Order Type,,
CHEMICALS,en,CHE,Purchasing Group,,CHEMICALS
Health Insurance,en,HLT,Purchasing Group,,Health Insurance
Life Insurance,en,LIF,Purchasing Group,,Life Insurance
Manufacturing,en,MAN,Purchasing Group,,Manufacturing
P&C Insurance,en,P&C,Purchasing Group,,P&C Insurance
CHEMICAL COMPANY,en,CHEM,Purchasing Organization,,CHEMICAL COMPANY
Clear Software,en,CLSW,Purchasing Organization,,Clear Software
Health Insurance,en,HLTH,Purchasing Organization,,Health Insurance
Life Insurance,en,LIFE,Purchasing Organization,,Life Insurance
MANUFACTURING COMPAN,en,MANU,Purchasing Organization,,MANUFACTURING COMPAN
P&C Insurance,en,P&C,Purchasing Organization,,P&C Insurance
Aargau,en,AG,State/Province,Switzerland,Aargau
Aberdeenshire,en,AB,State/Province,United Kingdom,Aberdeenshire
Acre,en,AC,State/Province,Brazil,Acre
Adana,en,1,State/Province,Turkey,Adana
Adigeja Republic,en,1,State/Province,Russian Fed.,Adigeja Republic
Adiyaman,en,2,State/Province,Turkey,Adiyaman
Afyon,en,3,State/Province,Turkey,Afyon
Aginsk Buryat Aut.di,en,80,State/Province,Russian Fed.,Aginsk Buryat Aut.di
Agri,en,4,State/Province,Turkey,Agri
Agriento,en,AG,State/Province,Italy,Agriento
Aguascalientes,en,AGS,State/Province,Mexico,Aguascalientes
Ahvenanmaa,en,1,State/Province,Finland,Ahvenanmaa
Ain,en,1,State/Province,France,Ain
Aisne,en,2,State/Province,France,Aisne
Aitolia kai Akarnan.,en,1,State/Province,Greece,Aitolia kai Akarnan.
Ajdovscina,en,1,State/Province,Slovenia,Ajdovscina
Akershus County,en,2,State/Province,Norway,Akershus County
Akhaia,en,2,State/Province,Greece,Akhaia
Akmolinskaia,en,4,State/Province,Kazakhstan,Akmolinskaia
Aksaray,en,68,State/Province,Turkey,Aksaray
Aktubinskaia,en,5,State/Province,Kazakhstan,Aktubinskaia
Alabama,en,AL,State/Province,United States,Alabama
Alagoas,en,AL,State/Province,Brazil,Alagoas
Alaska,en,AK,State/Province,United States,Alaska
Alava,en,1,State/Province,Spain,Alava
Alba,en,1,State/Province,Romania,Alba
Albacete,en,2,State/Province,Spain,Albacete
Alberta,en,AB,State/Province,Canada,Alberta
Alessandria,en,AL,State/Province,Italy,Alessandria
Alicante,en,3,State/Province,Spain,Alicante
Allier,en,3,State/Province,France,Allier
Almatynskaia,en,0,State/Province,Kazakhstan,Almatynskaia
Almeria,en,4,State/Province,Spain,Almeria
Alpes (Hautes),en,5,State/Province,France,Alpes (Hautes)
Alpes (Hte-Provence),en,4,State/Province,France,Alpes (Hte-Provence)
Alpes-Maritimes,en,6,State/Province,France,Alpes-Maritimes
Altay Territory,en,22,State/Province,Russian Fed.,Altay Territory
Amapa,en,AP,State/Province,Brazil,Amapa
Amasya,en,5,State/Province,Turkey,Amasya
Amazon,en,AM,State/Province,Brazil,Amazon
AMAZONAS,en,91,State/Province,Colombia,AMAZONAS
American Samoa,en,AS,State/Province,United States,American Samoa
Ancona,en,AN,State/Province,Italy,Ancona
Andaman und Nico.In.,en,26,State/Province,India,Andaman und Nico.In.
Andra Pradesh,en,1,State/Province,India,Andra Pradesh
Anglesey,en,AL,State/Province,United Kingdom,Anglesey
Angus/Forfarshire,en,AN,State/Province,United Kingdom,Angus/Forfarshire
Ankara,en,6,State/Province,Turkey,Ankara
Antalya,en,7,State/Province,Turkey,Antalya
ANTIOQUIA,en,5,State/Province,Colombia,ANTIOQUIA
Antrim,en,AT,State/Province,United Kingdom,Antrim
Antwerp,en,1,State/Province,Belgium,Antwerp
Aosta,en,AO,State/Province,Italy,Aosta
Arad,en,2,State/Province,Romania,Arad
ARAUCA,en,81,State/Province,Colombia,ARAUCA
Ardahan,en,75,State/Province,Turkey,Ardahan
Ardeche,en,7,State/Province,France,Ardeche
Ardennes,en,8,State/Province,France,Ardennes
Arezzo,en,AR,State/Province,Italy,Arezzo
Arges,en,3,State/Province,Romania,Arges
Argolis,en,3,State/Province,Greece,Argolis
Argyllshire,en,AG,State/Province,United Kingdom,Argyllshire
Ariege,en,9,State/Province,France,Ariege
Arizona,en,AZ,State/Province,United States,Arizona
Arkadhia,en,4,State/Province,Greece,Arkadhia
Arkansas,en,AR,State/Province,United States,Arkansas
Armagh,en,AM,State/Province,United Kingdom,Armagh
Arta,en,5,State/Province,Greece,Arta
Artvin,en,8,State/Province,Turkey,Artvin
Arunachal Pradesh,en,2,State/Province,India,Arunachal Pradesh
Ascoli Piceno,en,AP,State/Province,Italy,Ascoli Piceno
Assam,en,3,State/Province,India,Assam
Asti,en,AT,State/Province,Italy,Asti
Asturias,en,33,State/Province,Spain,Asturias
ATLANTICO,en,8,State/Province,Colombia,ATLANTICO
Attiki,en,6,State/Province,Greece,Attiki
Atyrauskaia,en,6,State/Province,Kazakhstan,Atyrauskaia
Aube,en,10,State/Province,France,Aube
Auckland,en,AKL,State/Province,New Zealand,Auckland
Aude,en,11,State/Province,France,Aude
Ausser-Rhoden,en,AR,State/Province,Switzerland,Ausser-Rhoden
Aust Capital Terr,en,ACT,State/Province,Australia,Aust Capital Terr
Aust-Agder County,en,9,State/Province,Norway,Aust-Agder County
Avellino,en,AV,State/Province,Italy,Avellino
Aveyron,en,12,State/Province,France,Aveyron
Avila,en,5,State/Province,Spain,Avila
Aydin,en,9,State/Province,Turkey,Aydin
Ayrshire,en,AY,State/Province,United Kingdom,Ayrshire
Bacau,en,4,State/Province,Romania,Bacau
Bacs-Kiskun,en,1,State/Province,Hungary,Bacs-Kiskun
Badajoz,en,6,State/Province,Spain,Badajoz
Baden-Wurttemberg,en,8,State/Province,Germany,Baden-Wurttemberg
Bahia,en,BA,State/Province,Brazil,Bahia
Baja California,en,BC,State/Province,Mexico,Baja California
Baja California S,en,BCS,State/Province,Mexico,Baja California S
Baleares,en,7,State/Province,Spain,Baleares
Bali Bali,en,22,State/Province,Indonesia,Bali Bali
Balikesir,en,10,State/Province,Turkey,Balikesir
Banffshire,en,BF,State/Province,United Kingdom,Banffshire
Baranya,en,2,State/Province,Hungary,Baranya
Barcelona,en,8,State/Province,Spain,Barcelona
Bari,en,BA,State/Province,Italy,Bari
Bartin,en,74,State/Province,Turkey,Bartin
Basel Land,en,BL,State/Province,Switzerland,Basel Land
Basel Stadt,en,BS,State/Province,Switzerland,Basel Stadt
Bas-Rhin,en,67,State/Province,France,Bas-Rhin
Bath&NthEstSomerset,en,BS,State/Province,United Kingdom,Bath&NthEstSomerset
Batman,en,72,State/Province,Turkey,Batman
Bavaria,en,9,State/Province,Germany,Bavaria
Bay of Plenty,en,BOP,State/Province,New Zealand,Bay of Plenty
Bayburt,en,69,State/Province,Turkey,Bayburt
Bedfordshire,en,BE,State/Province,United Kingdom,Bedfordshire
Bekes,en,3,State/Province,Hungary,Bekes
Bekescsaba,en,4,State/Province,Hungary,Bekescsaba
Belluno,en,BL,State/Province,Italy,Belluno
Benevento,en,BN,State/Province,Italy,Benevento
Bengkulu Bengkulu,en,12,State/Province,Indonesia,Bengkulu Bengkulu
Bergamo,en,BG,State/Province,Italy,Bergamo
Berkshire,en,BK,State/Province,United Kingdom,Berkshire
Berlin,en,11,State/Province,Germany,Berlin
Bern,en,BE,State/Province,Switzerland,Bern
Berwickshire,en,BW,State/Province,United Kingdom,Berwickshire
Bicol,en,5,State/Province,Philippines,Bicol
Biella,en,BI,State/Province,Italy,Biella
Bihar,en,4,State/Province,India,Bihar
Bihor,en,5,State/Province,Romania,Bihor
Bilecik,en,11,State/Province,Turkey,Bilecik
Bingöl,en,12,State/Province,Turkey,Bingöl
Bistrita-Nasaud,en,6,State/Province,Romania,Bistrita-Nasaud
Bitlis,en,13,State/Province,Turkey,Bitlis
Bjelovarsko-bilogors,en,G00,State/Province,Croatia,Bjelovarsko-bilogors
Blekinge County,en,1,State/Province,Sweden,Blekinge County
BOGOTA,en,11,State/Province,Colombia,BOGOTA
BOLIVAR,en,13,State/Province,Colombia,BOLIVAR
Bologna,en,BO,State/Province,Italy,Bologna
Bolu,en,14,State/Province,Turkey,Bolu
Bolzano,en,BZ,State/Province,Italy,Bolzano
Borsod-Abauj-Zemplen,en,5,State/Province,Hungary,Borsod-Abauj-Zemplen
Botosani,en,7,State/Province,Romania,Botosani
Bouches-du-Rhone,en,13,State/Province,France,Bouches-du-Rhone
BOYACA,en,15,State/Province,Colombia,BOYACA
Brabant (Flemish),en,2,State/Province,Belgium,Brabant (Flemish)
Brabant (Walloon),en,10,State/Province,Belgium,Brabant (Walloon)
Braila,en,8,State/Province,Romania,Braila
Brandenburg,en,12,State/Province,Germany,Brandenburg
Brasilia,en,DF,State/Province,Brazil,Brasilia
Brasov,en,9,State/Province,Romania,Brasov
Bratislava,en,1,State/Province,Slovakia,Bratislava
Brecknockshire,en,BR,State/Province,United Kingdom,Brecknockshire
Bremen,en,4,State/Province,Germany,Bremen
Brescia,en,BS,State/Province,Italy,Brescia
Brezice,en,2,State/Province,Slovenia,Brezice
Brindisi,en,BR,State/Province,Italy,Brindisi
British Columbia,en,BC,State/Province,Canada,British Columbia
Brussels (Capital),en,11,State/Province,Belgium,Brussels (Capital)
Buckinghamshire,en,BU,State/Province,United Kingdom,Buckinghamshire
Bucuresti,en,10,State/Province,Romania,Bucuresti
Budapest,en,6,State/Province,Hungary,Budapest
Buenos Aires,en,1,State/Province,Argentina,Buenos Aires
Burdur,en,15,State/Province,Turkey,Burdur
Burgas,en,1,State/Province,Bulgaria,Burgas
Burgenland,en,B,State/Province,Austria,Burgenland
Burgos,en,9,State/Province,Spain,Burgos
Bursa,en,16,State/Province,Turkey,Bursa
Buryat Republic,en,4,State/Province,Russian Fed.,Buryat Republic
Buskerud County,en,6,State/Province,Norway,Buskerud County
Buteshire,en,BT,State/Province,United Kingdom,Buteshire
Buzau,en,11,State/Province,Romania,Buzau
c.Moscow,en,77,State/Province,Russian Fed.,c.Moscow
c.St-Peterburg,en,78,State/Province,Russian Fed.,c.St-Peterburg
Caceres,en,10,State/Province,Spain,Caceres
Cadiz,en,11,State/Province,Spain,Cadiz
Caernarfonshire,en,CF,State/Province,United Kingdom,Caernarfonshire
Cagayan Valley,en,2,State/Province,Philippines,Cagayan Valley
Cagliari,en,CA,State/Province,Italy,Cagliari
Caithness,en,CT,State/Province,United Kingdom,Caithness
Calarasi,en,12,State/Province,Romania,Calarasi
CALDAS,en,17,State/Province,Colombia,CALDAS
California,en,CA,State/Province,United States,California
Caltanisetta,en,CL,State/Province,Italy,Caltanisetta
Calvados,en,14,State/Province,France,Calvados
Cambridgeshire,en,CA,State/Province,United Kingdom,Cambridgeshire
Campeche,en,CMP,State/Province,Mexico,Campeche
Campobasso,en,CB,State/Province,Italy,Campobasso
Canakkale,en,17,State/Province,Turkey,Canakkale
Cankiri,en,18,State/Province,Turkey,Cankiri
Cantabria,en,39,State/Province,Spain,Cantabria
Cantal,en,15,State/Province,France,Cantal
Canterbury,en,CAN,State/Province,New Zealand,Canterbury
Capital Federal,en,0,State/Province,Argentina,Capital Federal
CAQUETA,en,18,State/Province,Colombia,CAQUETA
Caras-Severin,en,13,State/Province,Romania,Caras-Severin
Carbonia-Iglesias,en,CI,State/Province,Italy,Carbonia-Iglesias
Cardiganshire,en,CD,State/Province,United Kingdom,Cardiganshire
Carinthia,en,K,State/Province,Austria,Carinthia
Carlow,en,CW,State/Province,Ireland,Carlow
Carmarthenshire,en,CB,State/Province,United Kingdom,Carmarthenshire
CASANARE,en,85,State/Province,Colombia,CASANARE
Caserta,en,CE,State/Province,Italy,Caserta
Castellon,en,12,State/Province,Spain,Castellon
Catamarca,en,2,State/Province,Argentina,Catamarca
Catania,en,CT,State/Province,Italy,Catania
Catanzaro,en,CZ,State/Province,Italy,Catanzaro
CAUCA,en,19,State/Province,Colombia,CAUCA
Cavan,en,CV,State/Province,Ireland,Cavan
Ceara,en,CE,State/Province,Brazil,Ceara
Celje,en,3,State/Province,Slovenia,Celje
Central Jutland,en,2,State/Province,Denmark,Central Jutland
Central Luzon,en,3,State/Province,Philippines,Central Luzon
Central Mindanao,en,11,State/Province,Philippines,Central Mindanao
Central Visayas,en,7,State/Province,Philippines,Central Visayas
Cerknica,en,4,State/Province,Slovenia,Cerknica
CESAR,en,20,State/Province,Colombia,CESAR
Ch´ungch´ong-bukto,en,4,State/Province,South Korea,Ch´ungch´ong-bukto
Ch´ungch´ong-namdo,en,5,State/Province,South Korea,Ch´ungch´ong-namdo
Chaco,en,16,State/Province,Argentina,Chaco
Chakassky Republic,en,19,State/Province,Russian Fed.,Chakassky Republic
Chandigarh,en,27,State/Province,India,Chandigarh
Chanti-Mansyjsky Aut,en,86,State/Province,Russian Fed.,Chanti-Mansyjsky Aut
Charente,en,16,State/Province,France,Charente
Charente-Maritime,en,17,State/Province,France,Charente-Maritime
Chechenskaya Republ.,en,20,State/Province,Russian Fed.,Chechenskaya Republ.
Cheju-do,en,1,State/Province,South Korea,Cheju-do
Cher,en,18,State/Province,France,Cher
Cheshire,en,CH,State/Province,United Kingdom,Cheshire
Chhaattisgarh,en,33,State/Province,India,Chhaattisgarh
Chiapas,en,CHS,State/Province,Mexico,Chiapas
Chieti,en,CH,State/Province,Italy,Chieti
Chihuahua,en,CHI,State/Province,Mexico,Chihuahua
CHOCO,en,27,State/Province,Colombia,CHOCO
Cholla-bukto,en,2,State/Province,South Korea,Cholla-bukto
Cholla-namdo,en,3,State/Province,South Korea,Cholla-namdo
Chubut,en,17,State/Province,Argentina,Chubut
Chukotka Auton. dist,en,87,State/Province,Russian Fed.,Chukotka Auton. dist
Chuvash Republic,en,21,State/Province,Russian Fed.,Chuvash Republic
Ciudad Real,en,13,State/Province,Spain,Ciudad Real
Clackmannanshire,en,CN,State/Province,United Kingdom,Clackmannanshire
Clare,en,CL,State/Province,Ireland,Clare
Cluj,en,14,State/Province,Romania,Cluj
Coahuila,en,COA,State/Province,Mexico,Coahuila
Colima,en,COL,State/Province,Mexico,Colima
Colorado,en,CO,State/Province,United States,Colorado
Como,en,CO,State/Province,Italy,Como
Connecticut,en,CT,State/Province,United States,Connecticut
Constanta,en,15,State/Province,Romania,Constanta
Cordoba,en,3,State/Province,Argentina,Cordoba
CORDOBA,en,23,State/Province,Colombia,CORDOBA
Cordoba,en,14,State/Province,Spain,Cordoba
Cork,en,CK,State/Province,Ireland,Cork
Cornwall,en,CO,State/Province,United Kingdom,Cornwall
Correze,en,19,State/Province,France,Correze
Corrientes,en,4,State/Province,Argentina,Corrientes
Corse-du-Nord,en,2B,State/Province,France,Corse-du-Nord
Corse-du-Sud,en,2A,State/Province,France,Corse-du-Sud
Corum,en,19,State/Province,Turkey,Corum
Cosenza,en,CS,State/Province,Italy,Cosenza
Cote-d'Or,en,21,State/Province,France,Cote-d'Or
Cotes-d'Armor,en,22,State/Province,France,Cotes-d'Armor
Covasna,en,16,State/Province,Romania,Covasna
Cremona,en,CR,State/Province,Italy,Cremona
Creuse,en,23,State/Province,France,Creuse
Crnomelj,en,5,State/Province,Slovenia,Crnomelj
Cromartyshire,en,CM,State/Province,United Kingdom,Cromartyshire
Crotone,en,KR,State/Province,Italy,Crotone
Csongrad,en,7,State/Province,Hungary,Csongrad
Cuenca,en,16,State/Province,Spain,Cuenca
Cumberland,en,CU,State/Province,United Kingdom,Cumberland
CUNDINAMARCA,en,25,State/Province,Colombia,CUNDINAMARCA
Cuneo,en,CN,State/Province,Italy,Cuneo
D.O.M.-T.O.M.,en,97,State/Province,France,D.O.M.-T.O.M.
Dadra und Nagar Hav.,en,28,State/Province,India,Dadra und Nagar Hav.
Dagestan Republic,en,5,State/Province,Russian Fed.,Dagestan Republic
Dalarnas County,en,2,State/Province,Sweden,Dalarnas County
Daman und Diu,en,29,State/Province,India,Daman und Diu
Danish Capital Reg.,en,1,State/Province,Denmark,Danish Capital Reg.
Debrecen,en,8,State/Province,Hungary,Debrecen
Delaware,en,DE,State/Province,United States,Delaware
Delhi,en,30,State/Province,India,Delhi
Denbighshire,en,DD,State/Province,United Kingdom,Denbighshire
Denizli,en,20,State/Province,Turkey,Denizli
Derbyshire,en,DB,State/Province,United Kingdom,Derbyshire
Devon,en,DV,State/Province,United Kingdom,Devon
Dhodhekanisos,en,7,State/Province,Greece,Dhodhekanisos
Dhrama,en,8,State/Province,Greece,Dhrama
DI Aceh Aceh,en,6,State/Province,Indonesia,DI Aceh Aceh
DI Yogyakarta Yogyak,en,5,State/Province,Indonesia,DI Yogyakarta Yogyak
Dimbovita,en,17,State/Province,Romania,Dimbovita
District of Columbia,en,DC,State/Province,United States,District of Columbia
Distrito Federal,en,DF,State/Province,Mexico,Distrito Federal
Diyarbakir,en,21,State/Province,Turkey,Diyarbakir
DKI Jakarta Jakarta,en,1,State/Province,Indonesia,DKI Jakarta Jakarta
Dolj,en,18,State/Province,Romania,Dolj
Dolnoslaskie,en,DSL,State/Province,Poland,Dolnoslaskie
Donegal,en,DG,State/Province,Ireland,Donegal
Dordogne,en,24,State/Province,France,Dordogne
Dorset,en,DO,State/Province,United Kingdom,Dorset
Doubs,en,25,State/Province,France,Doubs
Down,en,DN,State/Province,United Kingdom,Down
Dravograd,en,6,State/Province,Slovenia,Dravograd
Drenthe,en,1,State/Province,Netherlands,Drenthe
Drome,en,26,State/Province,France,Drome
Dublin,en,DB,State/Province,Ireland,Dublin
Dubrovacko-neretvans,en,T00,State/Province,Croatia,Dubrovacko-neretvans
Dumfriesshire,en,DF,State/Province,United Kingdom,Dumfriesshire
Dunaujvaros,en,9,State/Province,Hungary,Dunaujvaros
Dunbartonshire,en,DT,State/Province,United Kingdom,Dunbartonshire
Durango,en,DGO,State/Province,Mexico,Durango
Durham,en,DU,State/Province,United Kingdom,Durham
East Lothian,en,EL,State/Province,United Kingdom,East Lothian
East Sussex,en,SE,State/Province,United Kingdom,East Sussex
Eastern Cape,en,EC,State/Province,South Africa,Eastern Cape
Eastern Finnland,en,3,State/Province,Finland,Eastern Finnland
Eastern Visayas,en,8,State/Province,Philippines,Eastern Visayas
Edirne,en,22,State/Province,Turkey,Edirne
Eger,en,10,State/Province,Hungary,Eger
Elazig,en,23,State/Province,Turkey,Elazig
Enna,en,EN,State/Province,Italy,Enna
Entre Rios,en,5,State/Province,Argentina,Entre Rios
Erzincan,en,24,State/Province,Turkey,Erzincan
Erzurum,en,25,State/Province,Turkey,Erzurum
Eskisehir,en,26,State/Province,Turkey,Eskisehir
Espirito Santo,en,ES,State/Province,Brazil,Espirito Santo
Essex,en,ES,State/Province,United Kingdom,Essex
Essonne,en,91,State/Province,France,Essonne
Estado de Mexico,en,MEX,State/Province,Mexico,Estado de Mexico
Eure,en,27,State/Province,France,Eure
Eure-et-Loir,en,28,State/Province,France,Eure-et-Loir
Evensky Auton.distri,en,88,State/Province,Russian Fed.,Evensky Auton.distri
Evritania,en,9,State/Province,Greece,Evritania
Evros,en,10,State/Province,Greece,Evros
Evvoia,en,11,State/Province,Greece,Evvoia
Fejer,en,11,State/Province,Hungary,Fejer
Fermanagh,en,FM,State/Province,United Kingdom,Fermanagh
Ferrara,en,FE,State/Province,Italy,Ferrara
Fife,en,FI,State/Province,United Kingdom,Fife
Finistere,en,29,State/Province,France,Finistere
Finnmark County,en,20,State/Province,Norway,Finnmark County
Fiume,en,FU,State/Province,Italy,Fiume
Flevoland,en,2,State/Province,Netherlands,Flevoland
Flintshire,en,FL,State/Province,United Kingdom,Flintshire
Florence,en,FI,State/Province,Italy,Florence
Florida,en,FL,State/Province,United States,Florida
Florina,en,12,State/Province,Greece,Florina
Foggia,en,FG,State/Province,Italy,Foggia
Fokis,en,13,State/Province,Greece,Fokis
Forli/Cesana,en,FC,State/Province,Italy,Forli/Cesana
Formosa,en,18,State/Province,Argentina,Formosa
Freestate,en,FS,State/Province,South Africa,Freestate
Fribourg,en,FR,State/Province,Switzerland,Fribourg
Friesland,en,3,State/Province,Netherlands,Friesland
Frosinone,en,FR,State/Province,Italy,Frosinone
Fthiotis,en,14,State/Province,Greece,Fthiotis
Fu-chien,en,FJN,State/Province,,Fu-chien
Gaevleborg County,en,4,State/Province,Sweden,Gaevleborg County
Galati,en,19,State/Province,Romania,Galati
Galway,en,GW,State/Province,Ireland,Galway
Gambilskaia,en,11,State/Province,Kazakhstan,Gambilskaia
Gard,en,30,State/Province,France,Gard
Garonne (Haute),en,31,State/Province,France,Garonne (Haute)
Gauteng,en,GP,State/Province,South Africa,Gauteng
Gaziantep,en,27,State/Province,Turkey,Gaziantep
Gelderland,en,4,State/Province,Netherlands,Gelderland
Geneva,en,GE,State/Province,Switzerland,Geneva
Genova,en,GE,State/Province,Italy,Genova
Georgia,en,GA,State/Province,United States,Georgia
Gerona,en,17,State/Province,Spain,Gerona
Gers,en,32,State/Province,France,Gers
Giresun,en,28,State/Province,Turkey,Giresun
Gironde,en,33,State/Province,France,Gironde
Giurgiu,en,21,State/Province,Romania,Giurgiu
Glarus,en,GL,State/Province,Switzerland,Glarus
Gloucestershire,en,GL,State/Province,United Kingdom,Gloucestershire
Goa,en,5,State/Province,India,Goa
Goias,en,GO,State/Province,Brazil,Goias
Gorizia,en,GO,State/Province,Italy,Gorizia
Gorj,en,20,State/Province,Romania,Gorj
Gornja Radgona,en,7,State/Province,Slovenia,Gornja Radgona
Gotland County,en,3,State/Province,Sweden,Gotland County
Grad Sofiya,en,2,State/Province,Bulgaria,Grad Sofiya
Granada,en,18,State/Province,Spain,Granada
Graubuenden,en,GR,State/Province,Switzerland,Graubuenden
Grevena,en,15,State/Province,Greece,Grevena
Groningen,en,5,State/Province,Netherlands,Groningen
Grosseto,en,GR,State/Province,Italy,Grosseto
Grosuplje,en,8,State/Province,Slovenia,Grosuplje
Guadalajara,en,19,State/Province,Spain,Guadalajara
Guadeloupe,en,971,State/Province,France,Guadeloupe
GUAINIA,en,94,State/Province,Colombia,GUAINIA
Guam,en,GU,State/Province,United States,Guam
Guanajuato,en,GTO,State/Province,Mexico,Guanajuato
GUAVIARE,en,95,State/Province,Colombia,GUAVIARE
Guemueshane,en,29,State/Province,Turkey,Guemueshane
Guerrero,en,GRO,State/Province,Mexico,Guerrero
Guipuzcoa,en,20,State/Province,Spain,Guipuzcoa
Gujarat,en,6,State/Province,India,Gujarat
Guyane,en,973,State/Province,France,Guyane
Gyor,en,12,State/Province,Hungary,Gyor
Gyor-Moson-Sopron,en,13,State/Province,Hungary,Gyor-Moson-Sopron
Hainaut,en,3,State/Province,Belgium,Hainaut
Hajdu-Bihar,en,14,State/Province,Hungary,Hajdu-Bihar
Hakkari,en,30,State/Province,Turkey,Hakkari
Halland County,en,5,State/Province,Sweden,Halland County
Hamburg,en,2,State/Province,Germany,Hamburg
Hampshire,en,HA,State/Province,United Kingdom,Hampshire
Harghita,en,22,State/Province,Romania,Harghita
Haryana,en,7,State/Province,India,Haryana
Hatay,en,31,State/Province,Turkey,Hatay
Haut-Rhin,en,68,State/Province,France,Haut-Rhin
Hauts-de-Seine,en,92,State/Province,France,Hauts-de-Seine
Hawaii,en,HI,State/Province,United States,Hawaii
Hawke´s Bay,en,HAB,State/Province,New Zealand,Hawke´s Bay
Hedmark County,en,4,State/Province,Norway,Hedmark County
Herault,en,34,State/Province,France,Herault
Hereford and Worcs.,en,HW,State/Province,United Kingdom,Hereford and Worcs.
Hertfordshire,en,HT,State/Province,United Kingdom,Hertfordshire
Hessen,en,6,State/Province,Germany,Hessen
Heves,en,15,State/Province,Hungary,Heves
Hidalgo,en,HGO,State/Province,Mexico,Hidalgo
Highlands-Altay Rep.,en,2,State/Province,Russian Fed.,Highlands-Altay Rep.
Himachal Pradesh,en,8,State/Province,India,Himachal Pradesh
Hodmezovasarhely,en,16,State/Province,Hungary,Hodmezovasarhely
Hong Kong Island,en,HK,State/Province,Hong Kong,Hong Kong Island
Hordaland County,en,12,State/Province,Norway,Hordaland County
Hors-France,en,99,State/Province,France,Hors-France
Hrastnik Lasko,en,9,State/Province,Slovenia,Hrastnik Lasko
Huelva,en,21,State/Province,Spain,Huelva
Huesca,en,22,State/Province,Spain,Huesca
HUILA,en,41,State/Province,Colombia,HUILA
Hunedoara,en,23,State/Province,Romania,Hunedoara
Huntingdonshire,en,HU,State/Province,United Kingdom,Huntingdonshire
Ialomita,en,24,State/Province,Romania,Ialomita
Iasi,en,25,State/Province,Romania,Iasi
Icel,en,33,State/Province,Turkey,Icel
Idaho,en,ID,State/Province,United States,Idaho
Idrija,en,10,State/Province,Slovenia,Idrija
Igdir,en,76,State/Province,Turkey,Igdir
Ilia,en,16,State/Province,Greece,Ilia
Ilirska Bistrica,en,11,State/Province,Slovenia,Ilirska Bistrica
Ille-et-Vilaine,en,35,State/Province,France,Ille-et-Vilaine
Illinois,en,IL,State/Province,United States,Illinois
Ilocos,en,1,State/Province,Philippines,Ilocos
Imathia,en,17,State/Province,Greece,Imathia
Imperia,en,IM,State/Province,Italy,Imperia
Inch´on-jikhalsi,en,6,State/Province,South Korea,Inch´on-jikhalsi
Indiana,en,IN,State/Province,United States,Indiana
Indre,en,36,State/Province,France,Indre
Indre-et-Loire,en,37,State/Province,France,Indre-et-Loire
Ingushetija Republic,en,6,State/Province,Russian Fed.,Ingushetija Republic
Inner-Rhoden,en,AI,State/Province,Switzerland,Inner-Rhoden
Invernesshire,en,IN,State/Province,United Kingdom,Invernesshire
Ioannina,en,18,State/Province,Greece,Ioannina
Iowa,en,IA,State/Province,United States,Iowa
Iraklion,en,19,State/Province,Greece,Iraklion
Irian Jaya Irian Jay,en,26,State/Province,Indonesia,Irian Jaya Irian Jay
Isere,en,38,State/Province,France,Isere
Isernia,en,IS,State/Province,Italy,Isernia
Isle of Wight,en,IW,State/Province,United Kingdom,Isle of Wight
Isparta,en,32,State/Province,Turkey,Isparta
Istanbul,en,34,State/Province,Turkey,Istanbul
Istarska,en,S00,State/Province,Croatia,Istarska
Izmir,en,35,State/Province,Turkey,Izmir
Izola,en,12,State/Province,Slovenia,Izola
Jaemtland County,en,6,State/Province,Sweden,Jaemtland County
Jaen,en,23,State/Province,Spain,Jaen
Jalisco,en,JAL,State/Province,Mexico,Jalisco
Jamalo-Nenekchky Aut,en,89,State/Province,Russian Fed.,Jamalo-Nenekchky Aut
Jambi Jambi,en,10,State/Province,Indonesia,Jambi Jambi
Jammu und Kashmir,en,9,State/Province,India,Jammu und Kashmir
Jasz-Nagykun-Szolnok,en,17,State/Province,Hungary,Jasz-Nagykun-Szolnok
Jawa Barat West Java,en,2,State/Province,Indonesia,Jawa Barat West Java
Jawa Tengah Central,en,3,State/Province,Indonesia,Jawa Tengah Central
Jawa Timur East Java,en,4,State/Province,Indonesia,Jawa Timur East Java
Jesenice,en,13,State/Province,Slovenia,Jesenice
Jharkhand,en,34,State/Province,India,Jharkhand
Jihocesky,en,31,State/Province,Czech Republic,Jihocesky
Jihomoravsky,en,62,State/Province,Czech Republic,Jihomoravsky
Joenkoeping County,en,7,State/Province,Sweden,Joenkoeping County
Johor,en,JOH,State/Province,Malaysia,Johor
Jujuy,en,6,State/Province,Argentina,Jujuy
Jura,en,JU,State/Province,Switzerland,Jura
Jura,en,39,State/Province,France,Jura
K.Marash,en,46,State/Province,Turkey,K.Marash
Kabardino-Balkar.Rep,en,7,State/Province,Russian Fed.,Kabardino-Balkar.Rep
Kalimantan Barat Wes,en,15,State/Province,Indonesia,Kalimantan Barat Wes
Kalimantan Selatan S,en,14,State/Province,Indonesia,Kalimantan Selatan S
Kalimantan Tengah Ce,en,16,State/Province,Indonesia,Kalimantan Tengah Ce
Kalimantan Timur Eas,en,17,State/Province,Indonesia,Kalimantan Timur Eas
Kalmar County,en,8,State/Province,Sweden,Kalmar County
Kalmyk Republic,en,8,State/Province,Russian Fed.,Kalmyk Republic
Kamnik,en,14,State/Province,Slovenia,Kamnik
Kangwon-do,en,7,State/Province,South Korea,Kangwon-do
Kansas,en,KS,State/Province,United States,Kansas
Kao-hsiung,en,KSH,State/Province,,Kao-hsiung
Kaposvar,en,18,State/Province,Hungary,Kaposvar
Karach.-Cherkessk Re,en,9,State/Province,Russian Fed.,Karach.-Cherkessk Re
Karagandinskaia,en,9,State/Province,Kazakhstan,Karagandinskaia
Karaman,en,70,State/Province,Turkey,Karaman
Kardhitsa,en,20,State/Province,Greece,Kardhitsa
Karelian Republic,en,10,State/Province,Russian Fed.,Karelian Republic
Karlovacka,en,D00,State/Province,Croatia,Karlovacka
Karlovarsky,en,41,State/Province,Czech Republic,Karlovarsky
Karnataka,en,10,State/Province,India,Karnataka
Kars,en,36,State/Province,Turkey,Kars
Kastamonu,en,37,State/Province,Turkey,Kastamonu
Kastoria,en,21,State/Province,Greece,Kastoria
Kavala,en,22,State/Province,Greece,Kavala
Kayseri,en,38,State/Province,Turkey,Kayseri
Kecskemet,en,19,State/Province,Hungary,Kecskemet
Kedah,en,KED,State/Province,Malaysia,Kedah
Kefallinia,en,23,State/Province,Greece,Kefallinia
Kelantan,en,KEL,State/Province,Malaysia,Kelantan
Kent,en,KE,State/Province,United Kingdom,Kent
Kentucky,en,KY,State/Province,United States,Kentucky
Kerala,en,11,State/Province,India,Kerala
Kerkira,en,24,State/Province,Greece,Kerkira
Kerry,en,KY,State/Province,Ireland,Kerry
Khabarovsk Territory,en,27,State/Province,Russian Fed.,Khabarovsk Territory
Khalkidhiki,en,25,State/Province,Greece,Khalkidhiki
Khania,en,26,State/Province,Greece,Khania
Khaskovo,en,3,State/Province,Bulgaria,Khaskovo
Khios,en,27,State/Province,Greece,Khios
Kikladhes,en,28,State/Province,Greece,Kikladhes
Kildare,en,KD,State/Province,Ireland,Kildare
Kilkenny,en,KK,State/Province,Ireland,Kilkenny
Kilkis,en,29,State/Province,Greece,Kilkis
Kincardineshire,en,KI,State/Province,United Kingdom,Kincardineshire
Kinross-shire,en,KN,State/Province,United Kingdom,Kinross-shire
Kirikkale,en,71,State/Province,Turkey,Kirikkale
Kirkcudbrightshire,en,KK,State/Province,United Kingdom,Kirkcudbrightshire
Kirklareli,en,39,State/Province,Turkey,Kirklareli
Kirshehir,en,40,State/Province,Turkey,Kirshehir
Kocaeli,en,41,State/Province,Turkey,Kocaeli
Kocevje,en,15,State/Province,Slovenia,Kocevje
Komarom-Esztergom,en,20,State/Province,Hungary,Komarom-Esztergom
Komi Republic,en,11,State/Province,Russian Fed.,Komi Republic
Komy Permjats.Aut.di,en,81,State/Province,Russian Fed.,Komy Permjats.Aut.di
Konya,en,42,State/Province,Turkey,Konya
Koper,en,16,State/Province,Slovenia,Koper
Koprivnicko-krizevac,en,F00,State/Province,Croatia,Koprivnicko-krizevac
Korinthia,en,30,State/Province,Greece,Korinthia
Korjacs Auton.distri,en,82,State/Province,Russian Fed.,Korjacs Auton.distri
Kostanaiskaia,en,1,State/Province,Kazakhstan,Kostanaiskaia
Kowloon,en,KLN,State/Province,Hong Kong,Kowloon
Kozani,en,31,State/Province,Greece,Kozani
Kralovehradecky,en,52,State/Province,Czech Republic,Kralovehradecky
Kranj,en,17,State/Province,Slovenia,Kranj
Krapinsko-zagorska,en,B00,State/Province,Croatia,Krapinsko-zagorska
Krasnodar Territory,en,23,State/Province,Russian Fed.,Krasnodar Territory
Krasnoyarsk Territor,en,24,State/Province,Russian Fed.,Krasnoyarsk Territor
Kronoberg County,en,9,State/Province,Sweden,Kronoberg County
Krsko,en,18,State/Province,Slovenia,Krsko
Kuala Lumpur,en,KUL,State/Province,Malaysia,Kuala Lumpur
Kuetahya,en,43,State/Province,Turkey,Kuetahya
Kujawsko-Pomorskie,en,K-P,State/Province,Poland,Kujawsko-Pomorskie
Kwangju-jikhalsi,en,8,State/Province,South Korea,Kwangju-jikhalsi
Kwazulu/Natal,en,KZN,State/Province,South Africa,Kwazulu/Natal
Kyonggi-do,en,9,State/Province,South Korea,Kyonggi-do
Kyongsang-bukto,en,10,State/Province,South Korea,Kyongsang-bukto
Kyongsang-namdo,en,11,State/Province,South Korea,Kyongsang-namdo
Kyzilordinskaia,en,12,State/Province,Kazakhstan,Kyzilordinskaia
La Coruna,en,15,State/Province,Spain,La Coruna
LA GUAJIRA,en,44,State/Province,Colombia,LA GUAJIRA
La Pampa,en,21,State/Province,Argentina,La Pampa
La Rioja,en,8,State/Province,Argentina,La Rioja
La Rioja,en,26,State/Province,Spain,La Rioja
La Spezia,en,SP,State/Province,Italy,La Spezia
Labuan,en,LAB,State/Province,Malaysia,Labuan
Lakonia,en,32,State/Province,Greece,Lakonia
Lakshadweep,en,31,State/Province,India,Lakshadweep
Lampung Lampung,en,13,State/Province,Indonesia,Lampung Lampung
Lanarkshire,en,LN,State/Province,United Kingdom,Lanarkshire
Lancashire,en,LA,State/Province,United Kingdom,Lancashire
Landes,en,40,State/Province,France,Landes
Laois,en,LS,State/Province,Ireland,Laois
Lappi,en,4,State/Province,Finland,Lappi
L'Aquila,en,AQ,State/Province,Italy,L'Aquila
Larisa,en,33,State/Province,Greece,Larisa
Las Palmas,en,35,State/Province,Spain,Las Palmas
Lasithi,en,34,State/Province,Greece,Lasithi
Latina,en,LT,State/Province,Italy,Latina
Lecce,en,LE,State/Province,Italy,Lecce
Lecco,en,LC,State/Province,Italy,Lecco
Leicestershire,en,LE,State/Province,United Kingdom,Leicestershire
Leitrim,en,LM,State/Province,Ireland,Leitrim
Lenart,en,19,State/Province,Slovenia,Lenart
Lendava,en,20,State/Province,Slovenia,Lendava
Leon,en,24,State/Province,Spain,Leon
Lerida,en,25,State/Province,Spain,Lerida
Lesvos,en,35,State/Province,Greece,Lesvos
Levkas,en,36,State/Province,Greece,Levkas
Liberecky,en,51,State/Province,Czech Republic,Liberecky
Licko-senjska,en,I00,State/Province,Croatia,Licko-senjska
Liege,en,4,State/Province,Belgium,Liege
Limburg,en,5,State/Province,Belgium,Limburg
Limburg,en,6,State/Province,Netherlands,Limburg
Limerick,en,LI,State/Province,Ireland,Limerick
Lincolnshire,en,LI,State/Province,United Kingdom,Lincolnshire
Litija,en,21,State/Province,Slovenia,Litija
Livorno,en,LI,State/Province,Italy,Livorno
Ljubljana-Bezigrad,en,22,State/Province,Slovenia,Ljubljana-Bezigrad
Ljubljana-Center,en,23,State/Province,Slovenia,Ljubljana-Center
Ljubljana-Moste-Polj,en,24,State/Province,Slovenia,Ljubljana-Moste-Polj
Ljubljana-Siska,en,25,State/Province,Slovenia,Ljubljana-Siska
Ljubljana-Vic-Rudnik,en,26,State/Province,Slovenia,Ljubljana-Vic-Rudnik
Ljutomer,en,27,State/Province,Slovenia,Ljutomer
Lodi,en,LO,State/Province,Italy,Lodi
Lodzkie,en,LDZ,State/Province,Poland,Lodzkie
Logatec,en,28,State/Province,Slovenia,Logatec
Loire,en,42,State/Province,France,Loire
Loire (Haute),en,43,State/Province,France,Loire (Haute)
Loire-Atlantique,en,44,State/Province,France,Loire-Atlantique
Loiret,en,45,State/Province,France,Loiret
Loir-et-Cher,en,41,State/Province,France,Loir-et-Cher
Londonderry,en,LD,State/Province,United Kingdom,Londonderry
Longford,en,LF,State/Province,Ireland,Longford
Lot,en,46,State/Province,France,Lot
Lot-et-Garonne,en,47,State/Province,France,Lot-et-Garonne
Louisiana,en,LA,State/Province,United States,Louisiana
Louth,en,LT,State/Province,Ireland,Louth
Lovech,en,4,State/Province,Bulgaria,Lovech
Lower Austria,en,NOE,State/Province,Austria,Lower Austria
Lower Saxony,en,3,State/Province,Germany,Lower Saxony
Lozere,en,48,State/Province,France,Lozere
Lubelskie,en,LBL,State/Province,Poland,Lubelskie
Lubuskie,en,LBS,State/Province,Poland,Lubuskie
Lucca,en,LU,State/Province,Italy,Lucca
Lucerne,en,LU,State/Province,Switzerland,Lucerne
Lugo,en,27,State/Province,Spain,Lugo
Luxembourg,en,6,State/Province,Belgium,Luxembourg
Macerata,en,MC,State/Province,Italy,Macerata
Madhya Pradesh,en,12,State/Province,India,Madhya Pradesh
Madrid,en,28,State/Province,Spain,Madrid
MAGDALENA,en,47,State/Province,Colombia,MAGDALENA
Magnisia,en,37,State/Province,Greece,Magnisia
Maharashtra,en,13,State/Province,India,Maharashtra
Maine,en,ME,State/Province,United States,Maine
Maine-et-Loire,en,49,State/Province,France,Maine-et-Loire
Malaga,en,29,State/Province,Spain,Malaga
Malatya,en,44,State/Province,Turkey,Malatya
Malopolskie,en,MAL,State/Province,Poland,Malopolskie
Maluku Maluku,en,25,State/Province,Indonesia,Maluku Maluku
Manawatu-Wanganui,en,MAN,State/Province,New Zealand,Manawatu-Wanganui
Manche,en,50,State/Province,France,Manche
Mangystayskaia,en,8,State/Province,Kazakhstan,Mangystayskaia
Manipur,en,14,State/Province,India,Manipur
Manisa,en,45,State/Province,Turkey,Manisa
Manitoba,en,MB,State/Province,Canada,Manitoba
Mantova,en,MN,State/Province,Italy,Mantova
Maramures,en,26,State/Province,Romania,Maramures
Maranhao,en,MA,State/Province,Brazil,Maranhao
Mardin,en,47,State/Province,Turkey,Mardin
Maribor,en,29,State/Province,Slovenia,Maribor
Marijskaya Republic,en,12,State/Province,Russian Fed.,Marijskaya Republic
Marne,en,51,State/Province,France,Marne
Marne (Haute),en,52,State/Province,France,Marne (Haute)
Martinique,en,972,State/Province,France,Martinique
Maryland,en,MD,State/Province,United States,Maryland
Massa Carrara,en,MS,State/Province,Italy,Massa Carrara
Massachusetts,en,MA,State/Province,United States,Massachusetts
Matera,en,MT,State/Province,Italy,Matera
Mato Grosso,en,MT,State/Province,Brazil,Mato Grosso
Mato Grosso do Sul,en,MS,State/Province,Brazil,Mato Grosso do Sul
Mayenne,en,53,State/Province,France,Mayenne
Mayo,en,MY,State/Province,Ireland,Mayo
Mazowieckie,en,MAZ,State/Province,Poland,Mazowieckie
Meath,en,MT,State/Province,Ireland,Meath
Mecklenburg-Vorpomm.,en,13,State/Province,Germany,Mecklenburg-Vorpomm.
Medio Campidano,en,VS,State/Province,Italy,Medio Campidano
Medjimurska,en,U00,State/Province,Croatia,Medjimurska
Megalaya,en,15,State/Province,India,Megalaya
Mehedinti,en,27,State/Province,Romania,Mehedinti
Melaka,en,MEL,State/Province,Malaysia,Melaka
Mendoza,en,7,State/Province,Argentina,Mendoza
Merioneth,en,ME,State/Province,United Kingdom,Merioneth
Messina,en,ME,State/Province,Italy,Messina
Messinia,en,38,State/Province,Greece,Messinia
META,en,50,State/Province,Colombia,META
Metlika,en,30,State/Province,Slovenia,Metlika
Meurthe-et-Moselle,en,54,State/Province,France,Meurthe-et-Moselle
Meuse,en,55,State/Province,France,Meuse
Michigan,en,MI,State/Province,United States,Michigan
Michoacan,en,MCH,State/Province,Mexico,Michoacan
Mid Glamorgan,en,MG,State/Province,United Kingdom,Mid Glamorgan
Middlesex,en,MX,State/Province,United Kingdom,Middlesex
Midlothian,en,MD,State/Province,United Kingdom,Midlothian
Milan,en,MI,State/Province,Italy,Milan
Minas Gerais,en,MG,State/Province,Brazil,Minas Gerais
Minnesota,en,MN,State/Province,United States,Minnesota
Misiones,en,19,State/Province,Argentina,Misiones
Miskolc,en,21,State/Province,Hungary,Miskolc
Mississippi,en,MS,State/Province,United States,Mississippi
Missouri,en,MO,State/Province,United States,Missouri
Mizoram,en,16,State/Province,India,Mizoram
Modena,en,MO,State/Province,Italy,Modena
Monaghan,en,MH,State/Province,Ireland,Monaghan
Monmouthshire,en,MM,State/Province,United Kingdom,Monmouthshire
Montana,en,5,State/Province,Bulgaria,Montana
Montana,en,MT,State/Province,United States,Montana
Montgomeryshire,en,MT,State/Province,United Kingdom,Montgomeryshire
Monza e Brianza,en,MB,State/Province,Italy,Monza e Brianza
Moravskoslezsky,en,81,State/Province,Czech Republic,Moravskoslezsky
Morayshire,en,MR,State/Province,United Kingdom,Morayshire
Morbihan,en,56,State/Province,France,Morbihan
Mordovian Republic,en,13,State/Province,Russian Fed.,Mordovian Republic
More og Romsdal C.,en,15,State/Province,Norway,More og Romsdal C.
Morelos,en,MOR,State/Province,Mexico,Morelos
Moselle,en,57,State/Province,France,Moselle
Mozirje,en,31,State/Province,Slovenia,Mozirje
Mpumalanga,en,MP,State/Province,South Africa,Mpumalanga
Mugla,en,48,State/Province,Turkey,Mugla
Murcia,en,30,State/Province,Spain,Murcia
Mures,en,28,State/Province,Romania,Mures
Murska Sobota,en,32,State/Province,Slovenia,Murska Sobota
Mush,en,49,State/Province,Turkey,Mush
Nagaland,en,17,State/Province,India,Nagaland
Nagykanizsa,en,22,State/Province,Hungary,Nagykanizsa
Nairnshire,en,NR,State/Province,United Kingdom,Nairnshire
Namur,en,7,State/Province,Belgium,Namur
Naples,en,NA,State/Province,Italy,Naples
NARINO,en,52,State/Province,Colombia,NARINO
Navarra,en,31,State/Province,Spain,Navarra
Nayarit,en,NAY,State/Province,Mexico,Nayarit
Neamt,en,29,State/Province,Romania,Neamt
Nebraska,en,NE,State/Province,United States,Nebraska
Negeri Sembilan,en,SER,State/Province,Malaysia,Negeri Sembilan
Nenekchky Auton.dist,en,83,State/Province,Russian Fed.,Nenekchky Auton.dist
Neuchatel,en,NE,State/Province,Switzerland,Neuchatel
Neuquen,en,20,State/Province,Argentina,Neuquen
Nevada,en,NV,State/Province,United States,Nevada
Nevshehir,en,50,State/Province,Turkey,Nevshehir
New Brunswick,en,NB,State/Province,Canada,New Brunswick
New Hampshire,en,NH,State/Province,United States,New Hampshire
New Jersey,en,NJ,State/Province,United States,New Jersey
New Mexico,en,NM,State/Province,United States,New Mexico
New South Wales,en,NSW,State/Province,Australia,New South Wales
New Territories,en,NT,State/Province,Hong Kong,New Territories
New York,en,NY,State/Province,United States,New York
Newfoundland & Labr.,en,NL,State/Province,Canada,Newfoundland & Labr.
Nidwalden,en,NW,State/Province,Switzerland,Nidwalden
Nievre,en,58,State/Province,France,Nievre
Nigde,en,51,State/Province,Turkey,Nigde
Nograd,en,23,State/Province,Hungary,Nograd
Noord-Brabant,en,7,State/Province,Netherlands,Noord-Brabant
Noord-Holland,en,8,State/Province,Netherlands,Noord-Holland
Nord,en,59,State/Province,France,Nord
Nordland County,en,18,State/Province,Norway,Nordland County
Nord-Trondelag Cnty,en,17,State/Province,Norway,Nord-Trondelag Cnty
Norfolk,en,NK,State/Province,United Kingdom,Norfolk
Norrbotten County,en,10,State/Province,Sweden,Norrbotten County
NORTE SANTANDER,en,54,State/Province,Colombia,NORTE SANTANDER
North Carolina,en,NC,State/Province,United States,North Carolina
North Dakota,en,ND,State/Province,United States,North Dakota
North Jutland,en,3,State/Province,Denmark,North Jutland
North Yorkshire,en,YN,State/Province,United Kingdom,North Yorkshire
Northamptonshire,en,NH,State/Province,United Kingdom,Northamptonshire
Northern Cape,en,NC,State/Province,South Africa,Northern Cape
Northern Mariana Isl,en,MP,State/Province,United States,Northern Mariana Isl
Northern Mindanao,en,10,State/Province,Philippines,Northern Mindanao
Northern Province,en,NP,State/Province,South Africa,Northern Province
Northern Territory,en,NT,State/Province,Australia,Northern Territory
Northland,en,NTL,State/Province,New Zealand,Northland
North-Osetiya Republ,en,15,State/Province,Russian Fed.,North-Osetiya Republ
Northumberland,en,NU,State/Province,United Kingdom,Northumberland
North-West,en,NW,State/Province,South Africa,North-West
Northwest Terr.,en,NT,State/Province,Canada,Northwest Terr.
Nottinghamshire,en,NT,State/Province,United Kingdom,Nottinghamshire
Nova Gorica,en,33,State/Province,Slovenia,Nova Gorica
Nova Scotia,en,NS,State/Province,Canada,Nova Scotia
Novara,en,NO,State/Province,Italy,Novara
Novo Mesto,en,34,State/Province,Slovenia,Novo Mesto
Nrth Rhine Westfalia,en,5,State/Province,Germany,Nrth Rhine Westfalia
Nuevo Leon,en,NL,State/Province,Mexico,Nuevo Leon
Nunavut,en,NU,State/Province,Canada,Nunavut
Nuoro,en,NU,State/Province,Italy,Nuoro
Nusa Tenggara Barat,en,23,State/Province,Indonesia,Nusa Tenggara Barat
Nusa Tenggara Timur,en,24,State/Province,Indonesia,Nusa Tenggara Timur
Nyiregyhaza,en,24,State/Province,Hungary,Nyiregyhaza
Oaxaca,en,OAX,State/Province,Mexico,Oaxaca
Obwalden,en,OW,State/Province,Switzerland,Obwalden
Oerebro County,en,20,State/Province,Sweden,Oerebro County
Oestergoetland Cnty,en,21,State/Province,Sweden,Oestergoetland Cnty
Offaly,en,OF,State/Province,Ireland,Offaly
Ogliastra,en,OG,State/Province,Italy,Ogliastra
Ohio,en,OH,State/Province,United States,Ohio
Oise,en,60,State/Province,France,Oise
Oklahoma,en,OK,State/Province,United States,Oklahoma
Olbia-Tempio,en,OT,State/Province,Italy,Olbia-Tempio
Olomoucky,en,71,State/Province,Czech Republic,Olomoucky
Olt,en,30,State/Province,Romania,Olt
Ontario,en,ON,State/Province,Canada,Ontario
Oost-Vlaanderen,en,8,State/Province,Belgium,Oost-Vlaanderen
Opolskie,en,OPO,State/Province,Poland,Opolskie
Oppland County,en,5,State/Province,Norway,Oppland County
Ordu,en,52,State/Province,Turkey,Ordu
Oregon,en,OR,State/Province,United States,Oregon
Orense,en,32,State/Province,Spain,Orense
Orissa,en,18,State/Province,India,Orissa
Oristano,en,OR,State/Province,Italy,Oristano
Orkney,en,OR,State/Province,United Kingdom,Orkney
Ormoz,en,35,State/Province,Slovenia,Ormoz
Orne,en,61,State/Province,France,Orne
Osjecko-baranjska,en,N00,State/Province,Croatia,Osjecko-baranjska
Oslo,en,3,State/Province,Norway,Oslo
Ostfold County,en,1,State/Province,Norway,Ostfold County
Otago,en,OTA,State/Province,New Zealand,Otago
Oulu,en,6,State/Province,Finland,Oulu
Overijssel,en,9,State/Province,Netherlands,Overijssel
Oxfordshire,en,OX,State/Province,United Kingdom,Oxfordshire
Padova,en,PD,State/Province,Italy,Padova
Pahang,en,PAH,State/Province,Malaysia,Pahang
Palencia,en,34,State/Province,Spain,Palencia
Palermo,en,PA,State/Province,Italy,Palermo
Para,en,PA,State/Province,Brazil,Para
Paraiba,en,PB,State/Province,Brazil,Paraiba
Parana,en,PR,State/Province,Brazil,Parana
Pardubicky,en,53,State/Province,Czech Republic,Pardubicky
Paris,en,75,State/Province,France,Paris
Parma,en,PR,State/Province,Italy,Parma
Pas-de-Calais,en,62,State/Province,France,Pas-de-Calais
Pavia,en,PV,State/Province,Italy,Pavia
Pavlodarskaia,en,3,State/Province,Kazakhstan,Pavlodarskaia
Pecs,en,25,State/Province,Hungary,Pecs
Peeblesshire,en,PE,State/Province,United Kingdom,Peeblesshire
Pella,en,39,State/Province,Greece,Pella
Pembrokeshire,en,PM,State/Province,United Kingdom,Pembrokeshire
Pennsylvania,en,PA,State/Province,United States,Pennsylvania
Perak,en,PER,State/Province,Malaysia,Perak
Perlis,en,PEL,State/Province,Malaysia,Perlis
Pernambuco,en,PE,State/Province,Brazil,Pernambuco
Perthshire,en,PR,State/Province,United Kingdom,Perthshire
Perugia,en,PG,State/Province,Italy,Perugia
Pesaro-Urbino,en,PU,State/Province,Italy,Pesaro-Urbino
Pescara,en,PE,State/Province,Italy,Pescara
Pesnica,en,36,State/Province,Slovenia,Pesnica
Pest,en,26,State/Province,Hungary,Pest
Piacenza,en,PC,State/Province,Italy,Piacenza
Piaui,en,PI,State/Province,Brazil,Piaui
Pieria,en,40,State/Province,Greece,Pieria
Piraievs,en,41,State/Province,Greece,Piraievs
Piran,en,37,State/Province,Slovenia,Piran
Pisa,en,PI,State/Province,Italy,Pisa
Pistoia,en,PT,State/Province,Italy,Pistoia
Plovdiv,en,6,State/Province,Bulgaria,Plovdiv
Plzensky,en,32,State/Province,Czech Republic,Plzensky
Podkarpackie,en,PDK,State/Province,Poland,Podkarpackie
Podlaskie,en,PDL,State/Province,Poland,Podlaskie
Pola,en,PL,State/Province,Italy,Pola
Pomorskie,en,POM,State/Province,Poland,Pomorskie
Pondicherry,en,32,State/Province,India,Pondicherry
Pontevedra,en,36,State/Province,Spain,Pontevedra
Pordenone,en,PN,State/Province,Italy,Pordenone
Postojna,en,38,State/Province,Slovenia,Postojna
Potenza,en,PZ,State/Province,Italy,Potenza
Pozesko-slavonska,en,K00,State/Province,Croatia,Pozesko-slavonska
Praha,en,11,State/Province,Czech Republic,Praha
Prahova,en,31,State/Province,Romania,Prahova
Prato,en,PO,State/Province,Italy,Prato
Preveza,en,42,State/Province,Greece,Preveza
Primorye Territory,en,25,State/Province,Russian Fed.,Primorye Territory
Prince Edward Island,en,PE,State/Province,Canada,Prince Edward Island
Ptuj,en,39,State/Province,Slovenia,Ptuj
Puebla,en,PUE,State/Province,Mexico,Puebla
Puerto Rico,en,PR,State/Province,United States,Puerto Rico
Pulau Pinang,en,PIN,State/Province,Malaysia,Pulau Pinang
Punjab,en,19,State/Province,India,Punjab
Pusan-jikhalsi,en,12,State/Province,South Korea,Pusan-jikhalsi
PUTUMAYO,en,86,State/Province,Colombia,PUTUMAYO
Puy-de-Dome,en,63,State/Province,France,Puy-de-Dome
Pyrenees (Hautes),en,65,State/Province,France,Pyrenees (Hautes)
Pyrenees-Atlantiques,en,64,State/Province,France,Pyrenees-Atlantiques
Pyrenees-Orientales,en,66,State/Province,France,Pyrenees-Orientales
Quebec,en,QC,State/Province,Canada,Quebec
Queensland,en,QLD,State/Province,Australia,Queensland
Queretaro,en,QRO,State/Province,Mexico,Queretaro
QUINDIO,en,63,State/Province,Colombia,QUINDIO
Quintana Roo,en,QR,State/Province,Mexico,Quintana Roo
Radlje Ob Dravi,en,40,State/Province,Slovenia,Radlje Ob Dravi
Radnorshire,en,RA,State/Province,United Kingdom,Radnorshire
Radovljica,en,41,State/Province,Slovenia,Radovljica
Ragusa,en,RG,State/Province,Italy,Ragusa
Rajasthan,en,20,State/Province,India,Rajasthan
Ravenna,en,RA,State/Province,Italy,Ravenna
Ravne Na Koroskem,en,42,State/Province,Slovenia,Ravne Na Koroskem
Reggio Calabria,en,RC,State/Province,Italy,Reggio Calabria
Reggio Emilia,en,RE,State/Province,Italy,Reggio Emilia
Renfrewshire,en,RE,State/Province,United Kingdom,Renfrewshire
Republ.of Bashkortos,en,3,State/Province,Russian Fed.,Republ.of Bashkortos
Rethimni,en,43,State/Province,Greece,Rethimni
Reunion,en,974,State/Province,France,Reunion
Rhineland Palatinate,en,7,State/Province,Germany,Rhineland Palatinate
Rhode Island,en,RI,State/Province,United States,Rhode Island
Rhone,en,69,State/Province,France,Rhone
Riau Riau,en,9,State/Province,Indonesia,Riau Riau
Ribnica,en,43,State/Province,Slovenia,Ribnica
Rieti,en,RI,State/Province,Italy,Rieti
Rijecko-goranska,en,H00,State/Province,Croatia,Rijecko-goranska
Rimini,en,RN,State/Province,Italy,Rimini
Rio de Janeiro,en,RJ,State/Province,Brazil,Rio de Janeiro
Rio Grande do Norte,en,RN,State/Province,Brazil,Rio Grande do Norte
Rio Grande do Sul,en,RS,State/Province,Brazil,Rio Grande do Sul
Rio Negro,en,22,State/Province,Argentina,Rio Negro
RISARALDA,en,66,State/Province,Colombia,RISARALDA
Rize,en,53,State/Province,Turkey,Rize
Rodhopi,en,44,State/Province,Greece,Rodhopi
Rogaland County,en,11,State/Province,Norway,Rogaland County
Rome,en,RM,State/Province,Italy,Rome
Rondonia,en,RO,State/Province,Brazil,Rondonia
Roraima,en,RR,State/Province,Brazil,Roraima
Rosscommon,en,RC,State/Province,Ireland,Rosscommon
Ross-shire,en,RO,State/Province,United Kingdom,Ross-shire
Rovigo,en,RO,State/Province,Italy,Rovigo
Roxburghshire,en,RX,State/Province,United Kingdom,Roxburghshire
Ruse,en,7,State/Province,Bulgaria,Ruse
Ruse,en,44,State/Province,Slovenia,Ruse
Rutland,en,RU,State/Province,United Kingdom,Rutland
Saarland,en,10,State/Province,Germany,Saarland
Sabah,en,SAB,State/Province,Malaysia,Sabah
Saint-Pierre-et-Miq.,en,975,State/Province,France,Saint-Pierre-et-Miq.
Sakarya,en,54,State/Province,Turkey,Sakarya
Salaj,en,32,State/Province,Romania,Salaj
Salamanca,en,37,State/Province,Spain,Salamanca
Salerno,en,SA,State/Province,Italy,Salerno
Salta,en,9,State/Province,Argentina,Salta
Salzburg,en,S,State/Province,Austria,Salzburg
Samos,en,45,State/Province,Greece,Samos
Samsun,en,55,State/Province,Turkey,Samsun
SAN ANDRES,en,88,State/Province,Colombia,SAN ANDRES
San Juan,en,10,State/Province,Argentina,San Juan
San Luis,en,11,State/Province,Argentina,San Luis
San Luis Potosi,en,SLP,State/Province,Mexico,San Luis Potosi
Santa Catarina,en,SC,State/Province,Brazil,Santa Catarina
Santa Cruz,en,23,State/Province,Argentina,Santa Cruz
Santa Fe,en,12,State/Province,Argentina,Santa Fe
SANTANDER,en,68,State/Province,Colombia,SANTANDER
Santiago del Estero,en,13,State/Province,Argentina,Santiago del Estero
Sao Paulo,en,SP,State/Province,Brazil,Sao Paulo
Saone (Haute),en,70,State/Province,France,Saone (Haute)
Saone-et-Loire,en,71,State/Province,France,Saone-et-Loire
Sarawak,en,SAR,State/Province,Malaysia,Sarawak
Sarthe,en,72,State/Province,France,Sarthe
Saskatchewan,en,SK,State/Province,Canada,Saskatchewan
Sassari,en,SS,State/Province,Italy,Sassari
Satu Mare,en,33,State/Province,Romania,Satu Mare
Savoie,en,73,State/Province,France,Savoie
Savoie (Haute),en,74,State/Province,France,Savoie (Haute)
Savona,en,SV,State/Province,Italy,Savona
Saxony,en,14,State/Province,Germany,Saxony
Saxony-Anhalt,en,15,State/Province,Germany,Saxony-Anhalt
Schaffhausen,en,SH,State/Province,Switzerland,Schaffhausen
Schleswig-Holstein,en,1,State/Province,Germany,Schleswig-Holstein
Schwyz,en,SZ,State/Province,Switzerland,Schwyz
Segovia,en,40,State/Province,Spain,Segovia
Seine-et-Marne,en,77,State/Province,France,Seine-et-Marne
Seine-Maritime,en,76,State/Province,France,Seine-Maritime
Seine-Saint-Denis,en,93,State/Province,France,Seine-Saint-Denis
Selangor,en,SEL,State/Province,Malaysia,Selangor
Selkirkshire,en,SF,State/Province,United Kingdom,Selkirkshire
Sentjur Pri Celju,en,45,State/Province,Slovenia,Sentjur Pri Celju
Sergipe,en,SE,State/Province,Brazil,Sergipe
Serrai,en,46,State/Province,Greece,Serrai
Severo-Kazakhstansk,en,2,State/Province,Kazakhstan,Severo-Kazakhstansk
Sevilla,en,41,State/Province,Spain,Sevilla
Sevnica,en,46,State/Province,Slovenia,Sevnica
Sevres (Deux),en,79,State/Province,France,Sevres (Deux)
Sezana,en,47,State/Province,Slovenia,Sezana
Shanliurfa,en,63,State/Province,Turkey,Shanliurfa
Shetland,en,SL,State/Province,United Kingdom,Shetland
Shirnak,en,73,State/Province,Turkey,Shirnak
Shropshire,en,SH,State/Province,United Kingdom,Shropshire
Sibensko-kninska,en,O00,State/Province,Croatia,Sibensko-kninska
Sibiu,en,34,State/Province,Romania,Sibiu
Siena,en,SI,State/Province,Italy,Siena
Siirt,en,56,State/Province,Turkey,Siirt
Sikkim,en,21,State/Province,India,Sikkim
Sinaloa,en,SIN,State/Province,Mexico,Sinaloa
Singapore,en,SG,State/Province,,Singapore
Sinop,en,57,State/Province,Turkey,Sinop
Siracusa,en,SR,State/Province,Italy,Siracusa
Sisacko-moslavacka,en,C00,State/Province,Croatia,Sisacko-moslavacka
Sivas,en,58,State/Province,Turkey,Sivas
Skaane County,en,11,State/Province,Sweden,Skaane County
Skofja Loka,en,48,State/Province,Slovenia,Skofja Loka
Slaskie,en,SLS,State/Province,Poland,Slaskie
Slavonskobrodska,en,L00,State/Province,Croatia,Slavonskobrodska
Sligo,en,SG,State/Province,Ireland,Sligo
Slovenj Gradec,en,49,State/Province,Slovenia,Slovenj Gradec
Slovenska Bistrica,en,50,State/Province,Slovenia,Slovenska Bistrica
Slovenske Konjice,en,51,State/Province,Slovenia,Slovenske Konjice
Smarje Pri Jelsah,en,52,State/Province,Slovenia,Smarje Pri Jelsah
Soedermanland County,en,13,State/Province,Sweden,Soedermanland County
Sofiya,en,8,State/Province,Bulgaria,Sofiya
Sogn og Fjordane C.,en,14,State/Province,Norway,Sogn og Fjordane C.
Solothurn,en,SO,State/Province,Switzerland,Solothurn
Somerset,en,SO,State/Province,United Kingdom,Somerset
Somme,en,80,State/Province,France,Somme
Somogy,en,27,State/Province,Hungary,Somogy
Sondrio,en,SO,State/Province,Italy,Sondrio
Sonora,en,SON,State/Province,Mexico,Sonora
Sopron,en,28,State/Province,Hungary,Sopron
Soria,en,42,State/Province,Spain,Soria
Sor-Trondelag County,en,16,State/Province,Norway,Sor-Trondelag County
Soul-t´ukpyolsi,en,13,State/Province,South Korea,Soul-t´ukpyolsi
South Australia,en,SA,State/Province,Australia,South Australia
South Carolina,en,SC,State/Province,United States,South Carolina
South Dakota,en,SD,State/Province,United States,South Dakota
South Denmark,en,5,State/Province,Denmark,South Denmark
South Glamorgan,en,SG,State/Province,United Kingdom,South Glamorgan
South Luzon,en,4,State/Province,Philippines,South Luzon
South Mindanao,en,12,State/Province,Philippines,South Mindanao
South Yorkshire,en,YS,State/Province,United Kingdom,South Yorkshire
Southern Finnland,en,2,State/Province,Finland,Southern Finnland
Southland,en,STL,State/Province,New Zealand,Southland
Splitsko-dalmatinska,en,R00,State/Province,Croatia,Splitsko-dalmatinska
St. Gallen,en,SG,State/Province,Switzerland,St. Gallen
Sta. Cruz Tenerife,en,38,State/Province,Spain,Sta. Cruz Tenerife
Staffordshire,en,ST,State/Province,United Kingdom,Staffordshire
Stati Esteri,en,EE,State/Province,Italy,Stati Esteri
Stavropol Territory,en,26,State/Province,Russian Fed.,Stavropol Territory
Stirlingshire,en,SV,State/Province,United Kingdom,Stirlingshire
Stockholm County,en,12,State/Province,Sweden,Stockholm County
Stredocesky,en,21,State/Province,Czech Republic,Stredocesky
Stredoslovensky,en,3,State/Province,Slovakia,Stredoslovensky
Styria,en,ST,State/Province,Austria,Styria
Suceava,en,35,State/Province,Romania,Suceava
SUCRE,en,70,State/Province,Colombia,SUCRE
Suffolk,en,SK,State/Province,United Kingdom,Suffolk
Sulawesi Selatan Sou,en,18,State/Province,Indonesia,Sulawesi Selatan Sou
Sulawesi Tengah Cent,en,20,State/Province,Indonesia,Sulawesi Tengah Cent
Sulawesi Tenggara So,en,19,State/Province,Indonesia,Sulawesi Tenggara So
Sulawesi Utara North,en,21,State/Province,Indonesia,Sulawesi Utara North
Sumatera Barat West,en,8,State/Province,Indonesia,Sumatera Barat West
Sumatera Selatan Sou,en,11,State/Province,Indonesia,Sumatera Selatan Sou
Sumatera Utara North,en,7,State/Province,Indonesia,Sumatera Utara North
Surrey,en,SY,State/Province,United Kingdom,Surrey
Sutherland,en,SU,State/Province,United Kingdom,Sutherland
Swietokrzyskie,en,SWK,State/Province,Poland,Swietokrzyskie
Szabolcs-Szat.-Bereg,en,29,State/Province,Hungary,Szabolcs-Szat.-Bereg
Szeged,en,30,State/Province,Hungary,Szeged
Szekesfehervar,en,31,State/Province,Hungary,Szekesfehervar
Szolnok,en,32,State/Province,Hungary,Szolnok
Szombathely,en,33,State/Province,Hungary,Szombathely
T´ai-pei,en,TPE,State/Province,,T´ai-pei
Tabasco,en,TAB,State/Province,Mexico,Tabasco
Taegu-jikhalsi,en,14,State/Province,South Korea,Taegu-jikhalsi
Taejon-jikhalsi,en,15,State/Province,South Korea,Taejon-jikhalsi
Taiwan,en,TWN,State/Province,,Taiwan
Tamaulipas,en,TMS,State/Province,Mexico,Tamaulipas
Tamil Nadu,en,22,State/Province,India,Tamil Nadu
Taranaki,en,TAR,State/Province,New Zealand,Taranaki
Taranto,en,TA,State/Province,Italy,Taranto
Tarn,en,81,State/Province,France,Tarn
Tarn-et-Garonne,en,82,State/Province,France,Tarn-et-Garonne
Tarragona,en,43,State/Province,Spain,Tarragona
Tasmania,en,TAS,State/Province,Australia,Tasmania
Tatabanya,en,34,State/Province,Hungary,Tatabanya
Tatarstan Republic,en,16,State/Province,Russian Fed.,Tatarstan Republic
Tekirdag,en,59,State/Province,Turkey,Tekirdag
Telemark County,en,8,State/Province,Norway,Telemark County
Teleorman,en,36,State/Province,Romania,Teleorman
Tennessee,en,TN,State/Province,United States,Tennessee
Teramo,en,TE,State/Province,Italy,Teramo
Terni,en,TR,State/Province,Italy,Terni
Territ.-de-Belfort,en,90,State/Province,France,Territ.-de-Belfort
Teruel,en,44,State/Province,Spain,Teruel
Texas,en,TX,State/Province,United States,Texas
The Amur Area,en,28,State/Province,Russian Fed.,The Amur Area
The Arkhangelsk Area,en,29,State/Province,Russian Fed.,The Arkhangelsk Area
The Astrakhan Area,en,30,State/Province,Russian Fed.,The Astrakhan Area
The Belgorod Area,en,31,State/Province,Russian Fed.,The Belgorod Area
The Bryansk Area,en,32,State/Province,Russian Fed.,The Bryansk Area
The Chelyabinsk Area,en,74,State/Province,Russian Fed.,The Chelyabinsk Area
The Chita Area,en,75,State/Province,Russian Fed.,The Chita Area
The Irkutsk Area,en,38,State/Province,Russian Fed.,The Irkutsk Area
The Ivanovo Area,en,37,State/Province,Russian Fed.,The Ivanovo Area
The Jewish Auton.are,en,79,State/Province,Russian Fed.,The Jewish Auton.are
The Kaliningrad Area,en,39,State/Province,Russian Fed.,The Kaliningrad Area
The Kaluga Area,en,40,State/Province,Russian Fed.,The Kaluga Area
The Kamchatka Area,en,41,State/Province,Russian Fed.,The Kamchatka Area
The Kemerovo Area,en,42,State/Province,Russian Fed.,The Kemerovo Area
The Kirov Area,en,43,State/Province,Russian Fed.,The Kirov Area
The Kostroma Area,en,44,State/Province,Russian Fed.,The Kostroma Area
The Kurgan Area,en,45,State/Province,Russian Fed.,The Kurgan Area
The Kursk Area,en,46,State/Province,Russian Fed.,The Kursk Area
The Leningrad Area,en,47,State/Province,Russian Fed.,The Leningrad Area
The Lipetsk Area,en,48,State/Province,Russian Fed.,The Lipetsk Area
The Magadan Area,en,49,State/Province,Russian Fed.,The Magadan Area
The Moscow Area,en,50,State/Province,Russian Fed.,The Moscow Area
The Murmansk Area,en,51,State/Province,Russian Fed.,The Murmansk Area
The Nizhniy Novgorod,en,52,State/Province,Russian Fed.,The Nizhniy Novgorod
The Novgorod Area,en,53,State/Province,Russian Fed.,The Novgorod Area
The Novosibirsk Area,en,54,State/Province,Russian Fed.,The Novosibirsk Area
The Omsk Area,en,55,State/Province,Russian Fed.,The Omsk Area
The Orenburg Area,en,56,State/Province,Russian Fed.,The Orenburg Area
The Oryol Area,en,57,State/Province,Russian Fed.,The Oryol Area
The Penza Area,en,58,State/Province,Russian Fed.,The Penza Area
The Perm Area,en,59,State/Province,Russian Fed.,The Perm Area
The Pskov Area,en,60,State/Province,Russian Fed.,The Pskov Area
The Rostov Area,en,61,State/Province,Russian Fed.,The Rostov Area
The Ryazan Area,en,62,State/Province,Russian Fed.,The Ryazan Area
The Sakhalin Area,en,65,State/Province,Russian Fed.,The Sakhalin Area
The Samara Area,en,63,State/Province,Russian Fed.,The Samara Area
The Saratov Area,en,64,State/Province,Russian Fed.,The Saratov Area
The Smolensk Area,en,67,State/Province,Russian Fed.,The Smolensk Area
The Sverdlovsk Area,en,66,State/Province,Russian Fed.,The Sverdlovsk Area
The Tambov Area,en,68,State/Province,Russian Fed.,The Tambov Area
The Taymir Auton.dis,en,84,State/Province,Russian Fed.,The Taymir Auton.dis
The Tomsk Area,en,70,State/Province,Russian Fed.,The Tomsk Area
The Tula Area,en,71,State/Province,Russian Fed.,The Tula Area
The Tver Area,en,69,State/Province,Russian Fed.,The Tver Area
The Tyumen Area,en,72,State/Province,Russian Fed.,The Tyumen Area
The Udmurt Republic,en,18,State/Province,Russian Fed.,The Udmurt Republic
The Ulyanovsk Area,en,73,State/Province,Russian Fed.,The Ulyanovsk Area
The Vladimir Area,en,33,State/Province,Russian Fed.,The Vladimir Area
The Volgograd Area,en,34,State/Province,Russian Fed.,The Volgograd Area
The Vologda Area,en,35,State/Province,Russian Fed.,The Vologda Area
The Voronezh Area,en,36,State/Province,Russian Fed.,The Voronezh Area
The Yaroslavl Area,en,76,State/Province,Russian Fed.,The Yaroslavl Area
Thesprotia,en,47,State/Province,Greece,Thesprotia
Thessaloniki,en,48,State/Province,Greece,Thessaloniki
Thurgau,en,TG,State/Province,Switzerland,Thurgau
Thuringia,en,16,State/Province,Germany,Thuringia
Ticino,en,TI,State/Province,Switzerland,Ticino
Tierra de Fuego,en,24,State/Province,Argentina,Tierra de Fuego
Timis,en,37,State/Province,Romania,Timis
Timor Timur East Tim,en,27,State/Province,Indonesia,Timor Timur East Tim
Tipperary,en,TP,State/Province,Ireland,Tipperary
Tlaxcala,en,TLX,State/Province,Mexico,Tlaxcala
Tocantins,en,TO,State/Province,Brazil,Tocantins
Tokat,en,60,State/Province,Turkey,Tokat
Toledo,en,45,State/Province,Spain,Toledo
TOLIMA,en,73,State/Province,Colombia,TOLIMA
Tolmin,en,53,State/Province,Slovenia,Tolmin
Tolna,en,35,State/Province,Hungary,Tolna
Trabzon,en,61,State/Province,Turkey,Trabzon
Trapani,en,TP,State/Province,Italy,Trapani
Trbovlje,en,54,State/Province,Slovenia,Trbovlje
Trebnje,en,55,State/Province,Slovenia,Trebnje
Trengganu,en,TRE,State/Province,Malaysia,Trengganu
Trento,en,TN,State/Province,Italy,Trento
Treviso,en,TV,State/Province,Italy,Treviso
Trieste,en,TS,State/Province,Italy,Trieste
Trikala,en,49,State/Province,Greece,Trikala
Tripura,en,23,State/Province,India,Tripura
Troms County,en,19,State/Province,Norway,Troms County
Trzic,en,56,State/Province,Slovenia,Trzic
Tucuman,en,14,State/Province,Argentina,Tucuman
Tulcea,en,38,State/Province,Romania,Tulcea
Tunceli,en,62,State/Province,Turkey,Tunceli
Turin,en,TO,State/Province,Italy,Turin
Tuva Republic,en,17,State/Province,Russian Fed.,Tuva Republic
Tyrol,en,T,State/Province,Austria,Tyrol
Tyrone,en,TY,State/Province,United Kingdom,Tyrone
Udine,en,UD,State/Province,Italy,Udine
Upper Austria,en,OOE,State/Province,Austria,Upper Austria
Uppsala County,en,14,State/Province,Sweden,Uppsala County
Uri,en,UR,State/Province,Switzerland,Uri
Ushak,en,64,State/Province,Turkey,Ushak
Ustecky,en,42,State/Province,Czech Republic,Ustecky
Ust-Ordinsky Buryat,en,85,State/Province,Russian Fed.,Ust-Ordinsky Buryat
Utah,en,UT,State/Province,United States,Utah
Utrecht,en,10,State/Province,Netherlands,Utrecht
Uttar Pradesh,en,24,State/Province,India,Uttar Pradesh
Uttaranchal,en,35,State/Province,India,Uttaranchal
Vaermland County,en,15,State/Province,Sweden,Vaermland County
Vaesterbotten County,en,16,State/Province,Sweden,Vaesterbotten County
Vaesternorrland Cnty,en,17,State/Province,Sweden,Vaesternorrland Cnty
Vaestmanland County,en,18,State/Province,Sweden,Vaestmanland County
Vaestra Goetaland C.,en,19,State/Province,Sweden,Vaestra Goetaland C.
Valais,en,VS,State/Province,Switzerland,Valais
Val-de-Marne,en,94,State/Province,France,Val-de-Marne
Val-d'Oise,en,95,State/Province,France,Val-d'Oise
Valencia,en,46,State/Province,Spain,Valencia
Valladolid,en,47,State/Province,Spain,Valladolid
VALLE,en,76,State/Province,Colombia,VALLE
Van,en,65,State/Province,Turkey,Van
Var,en,83,State/Province,France,Var
Varazdinska,en,E00,State/Province,Croatia,Varazdinska
Varese,en,VA,State/Province,Italy,Varese
Varna,en,9,State/Province,Bulgaria,Varna
Vas,en,36,State/Province,Hungary,Vas
Vaslui,en,39,State/Province,Romania,Vaslui
Vaucluse,en,84,State/Province,France,Vaucluse
Vaud,en,VD,State/Province,Switzerland,Vaud
VAUPES,en,97,State/Province,Colombia,VAUPES
Velenje,en,57,State/Province,Slovenia,Velenje
Vendee,en,85,State/Province,France,Vendee
Venice,en,VE,State/Province,Italy,Venice
Veracruz,en,VER,State/Province,Mexico,Veracruz
Verbania,en,VB,State/Province,Italy,Verbania
Vercelli,en,VC,State/Province,Italy,Vercelli
Vermont,en,VT,State/Province,United States,Vermont
Verona,en,VR,State/Province,Italy,Verona
Vest-Agder County,en,10,State/Province,Norway,Vest-Agder County
Vestfold County,en,7,State/Province,Norway,Vestfold County
Veszprem,en,37,State/Province,Hungary,Veszprem
Vibo Valentia,en,VV,State/Province,Italy,Vibo Valentia
Vicenza,en,VI,State/Province,Italy,Vicenza
VICHADA,en,99,State/Province,Colombia,VICHADA
Victoria,en,VIC,State/Province,Australia,Victoria
Vienna,en,W,State/Province,Austria,Vienna
Vienne,en,86,State/Province,France,Vienne
Vienne (Haute),en,87,State/Province,France,Vienne (Haute)
Vilcea,en,40,State/Province,Romania,Vilcea
Virgin Islands,en,VI,State/Province,United States,Virgin Islands
Virginia,en,VA,State/Province,United States,Virginia
Viroviticko-podravac,en,J00,State/Province,Croatia,Viroviticko-podravac
Viterbo,en,VT,State/Province,Italy,Viterbo
Vizcaya,en,48,State/Province,Spain,Vizcaya
Voiotia,en,50,State/Province,Greece,Voiotia
Vorarlberg,en,V,State/Province,Austria,Vorarlberg
Vosges,en,88,State/Province,France,Vosges
Vostochno-Kazakhstan,en,10,State/Province,Kazakhstan,Vostochno-Kazakhstan
Vrancea,en,41,State/Province,Romania,Vrancea
Vrhnika,en,58,State/Province,Slovenia,Vrhnika
Vukovarsko-srijemska,en,P00,State/Province,Croatia,Vukovarsko-srijemska
Vychodoslovensky,en,4,State/Province,Slovakia,Vychodoslovensky
Vysocina,en,61,State/Province,Czech Republic,Vysocina
Waikato,en,WAI,State/Province,New Zealand,Waikato
Wallis-et-Futuna,en,976,State/Province,France,Wallis-et-Futuna
Warminsko-mazurskie,en,W-M,State/Province,Poland,Warminsko-mazurskie
Warwickshire,en,WA,State/Province,United Kingdom,Warwickshire
Washington,en,WA,State/Province,United States,Washington
Waterford,en,WF,State/Province,Ireland,Waterford
Wellington,en,WLG,State/Province,New Zealand,Wellington
West Bengal,en,25,State/Province,India,West Bengal
West Coast,en,WEC,State/Province,New Zealand,West Coast
West Glamorgan,en,WG,State/Province,United Kingdom,West Glamorgan
West Lothian,en,WK,State/Province,United Kingdom,West Lothian
West Sussex,en,SW,State/Province,United Kingdom,West Sussex
West Virginia,en,WV,State/Province,United States,West Virginia
West Visayas,en,6,State/Province,Philippines,West Visayas
West Yorkshire,en,YW,State/Province,United Kingdom,West Yorkshire
Western Australia,en,WA,State/Province,Australia,Western Australia
Western Cape,en,WC,State/Province,South Africa,Western Cape
Western Finnland,en,5,State/Province,Finland,Western Finnland
Western Mindanao,en,9,State/Province,Philippines,Western Mindanao
Westmeath,en,WM,State/Province,Ireland,Westmeath
Westmorland,en,WE,State/Province,United Kingdom,Westmorland
West-Vlaanderen,en,9,State/Province,Belgium,West-Vlaanderen
Wexford,en,WX,State/Province,Ireland,Wexford
Wicklow,en,WK,State/Province,Ireland,Wicklow
Wielkopolskie,en,WLK,State/Province,Poland,Wielkopolskie
Wigtownshire,en,WT,State/Province,United Kingdom,Wigtownshire
Wil. Persekutuan,en,PSK,State/Province,Malaysia,Wil. Persekutuan
Wiltshire,en,WI,State/Province,United Kingdom,Wiltshire
Wisconsin,en,WI,State/Province,United States,Wisconsin
Worcestershire,en,WC,State/Province,United Kingdom,Worcestershire
Wyoming,en,WY,State/Province,United States,Wyoming
Xanthi,en,51,State/Province,Greece,Xanthi
Yakutiya-Saha Rrepub,en,14,State/Province,Russian Fed.,Yakutiya-Saha Rrepub
Yalova,en,77,State/Province,Turkey,Yalova
Yonne,en,89,State/Province,France,Yonne
Yozgat,en,66,State/Province,Turkey,Yozgat
Yucatan,en,YUC,State/Province,Mexico,Yucatan
Yukon Territory,en,YT,State/Province,Canada,Yukon Territory
Yvelines,en,78,State/Province,France,Yvelines
Zacatecas,en,ZAC,State/Province,Mexico,Zacatecas
Zachodnio-Pomorskie,en,Z-P,State/Province,Poland,Zachodnio-Pomorskie
Zadarska,en,M00,State/Province,Croatia,Zadarska
Zagorje Ob Savi,en,59,State/Province,Slovenia,Zagorje Ob Savi
Zagreb,en,V00,State/Province,Croatia,Zagreb
Zagrebacka,en,A00,State/Province,Croatia,Zagrebacka
Zakinthos,en,52,State/Province,Greece,Zakinthos
Zala,en,38,State/Province,Hungary,Zala
Zalaegerszeg,en,39,State/Province,Hungary,Zalaegerszeg
Zalec,en,60,State/Province,Slovenia,Zalec
Zamora,en,49,State/Province,Spain,Zamora
Zapadno-Kazakhst,en,7,State/Province,Kazakhstan,Zapadno-Kazakhst
Zapadoslovensky,en,2,State/Province,Slovakia,Zapadoslovensky
Zara,en,ZA,State/Province,Italy,Zara
Zaragoza,en,50,State/Province,Spain,Zaragoza
Zealand,en,4,State/Province,Denmark,Zealand
Zeeland,en,11,State/Province,Netherlands,Zeeland
Zlinsky,en,72,State/Province,Czech Republic,Zlinsky
Zonguldak,en,67,State/Province,Turkey,Zonguldak
Zug,en,ZG,State/Province,Switzerland,Zug
Zuid-Holland,en,12,State/Province,Netherlands,Zuid-Holland
Zurich,en,ZH,State/Province,Switzerland,Zurich
Chicago,en,0001,Storage Location,"SAN DIEGO, CA",Chicago
Clear Stoftware,en,CLSW,Storage Location,"CHICAGO, IL",Clear Software
Facility 28,en,0028,Storage Location,ZIONSVILLE CHEMICAL PLANT,Facility 28
Facility 42,en,0042,Storage Location,ZIONSVILLE CHEMICAL PLANT,Facility 42
Lager 0001,en,0001,Storage Location,MANCHESTER NH,
Lager 0088 (WM),en,0088,Storage Location,MANCHESTER NH,
Lagerort WM&HU,en,100,Storage Location,MANCHESTER NH,
SCM-EWM,en,200,Storage Location,MANCHESTER NH,
STOCK YARD,en,1001,Storage Location,"DETROIT, MI",
STOCK YARD,en,1001,Storage Location,"INDIANAPOLIS, IN",STOCK YARD
WAREHOUSE,en,1000,Storage Location,"DETROIT, MI",
WAREHOUSE,en,1000,Storage Location,"INDIANAPOLIS, IN",WAREHOUSE
Each,en,EA,Unit,,
Gallon,en,GLL,Unit,,
Hours,en,H,Unit,,
Kilogram,en,KG,Unit,,
Pallet,en,PAL,Unit,,
Pound,en,LB,Unit,,
ST,en,ST,Unit,,
